bin_center,sigma,d_sigma
5000.0,0.0,0.0
15000.0,0.0,0.0
25000.0,0.0,0.0
35000.0,0.0,0.0
45000.0,0.0,0.0
55000.0,0.0,0.0
65000.0,0.0,0.0
75000.0,0.0,0.0
85000.0,0.0,0.0
95000.0,0.0,0.0
105000.0,0.0,0.0
115000.0,0.0,0.0
125000.0,0.0,0.0
135000.0,0.0,0.0
145000.0,0.0,0.0
155000.0,0.0,0.0
165000.0,0.0,0.0
175000.0,0.0,0.0
185000.0,0.0,0.0
195000.0,0.0,0.0
205000.0,0.0,0.0
215000.0,0.0,0.0
225000.0,0.0,0.0
235000.0,0.0,0.0
245000.0,0.0,0.0
255000.0,0.0,0.0
265000.0,0.0,0.0
275000.0,0.0,0.0
285000.0,0.0,0.0
295000.0,0.0,0.0
305000.0,0.0,0.0
315000.0,0.0,0.0
325000.0,0.0,0.0
335000.0,0.0,0.0
345000.0,0.0,0.0
355000.0,0.0,0.0
365000.0,0.0,0.0
375000.0,0.0,0.0
385000.0,0.0,0.0
395000.0,0.0,0.0
405000.0,0.0,0.0
415000.0,0.0,0.0
425000.0,0.0,0.0
435000.0,0.0,0.0
445000.0,0.0,0.0
455000.0,0.0,0.0
465000.0,0.0,0.0
475000.0,0.0,0.0
485000.0,0.0,0.0
495000.0,0.0,0.0
505000.0,0.0,0.0
515000.0,0.0,0.0
525000.0,0.0,0.0
535000.0,0.0,0.0
545000.0,0.0,0.0
555000.0,0.0,0.0
565000.0,0.0,0.0
575000.0,0.0,0.0
585000.0,0.0,0.0
595000.0,0.0,0.0
605000.0,0.0,0.0
615000.0,0.0,0.0
625000.0,0.0,0.0
635000.0,0.0,0.0
645000.0,0.0,0.0
655000.0,0.0,0.0
665000.0,0.0,0.0
675000.0,0.0,0.0
685000.0,0.0,0.0
695000.0,0.0,0.0
705000.0,0.0,0.0
715000.0,0.0,0.0
725000.0,0.0,0.0
735000.0,0.0,0.0
745000.0,0.0,0.0
755000.0,0.0,0.0
765000.0,0.0,0.0
775000.0,0.0,0.0
785000.0,0.0,0.0
795000.0,0.0,0.0
805000.0,0.0,0.0
815000.0,0.0,0.0
825000.0,0.0,0.0
835000.0,0.0,0.0
845000.0,0.0,0.0
855000.0,0.0,0.0
865000.0,0.0,0.0
875000.0,0.0,0.0
885000.0,0.0,0.0
895000.0,0.0,0.0
905000.0,0.0,0.0
915000.0,0.0,0.0
925000.0,0.0,0.0
935000.0,0.0,0.0
945000.0,0.0,0.0
955000.0,0.0,0.0
965000.0,0.0,0.0
975000.0,0.0,0.0
985000.0,0.0,0.0
995000.0,0.0001308052071365,2.3655402336944068e-05
1005000.0,0.0001574259503261,2.3951030483409567e-05
1015000.0,0.0001823998971148,2.7199883397010648e-05
1025000.0,0.000279847063537,3.300976288708419e-05
1035000.0,0.0002854967779132,3.22783629177736e-05
1045000.0,0.0005737683460863,1.1054052824929558e-05
1055000.0,0.0029233405642777,2.098065891364888e-05
1065000.0,0.0007742095596945,1.4314857698148441e-05
1075000.0,0.0004566591267872,1.976853306620853e-05
1085000.0,0.0005078003391952,2.048792666647713e-05
1095000.0,0.0005224162131782,2.0515864266234113e-05
1105000.0,0.0005551849295195,2.116911874295505e-05
1115000.0,0.000560983031147,2.0757697338894943e-05
1125000.0,0.0006341343953187,2.1047296178926782e-05
1135000.0,0.0006542780365046,2.2278444539840017e-05
1145000.0,0.000819320045538,2.519710530589814e-05
1155000.0,0.0007805561254504,2.2138411744041894e-05
1165000.0,0.0008057774671733,2.439175462034486e-05
1175000.0,0.0008075039862747,2.474563617809765e-05
1185000.0,0.0008221858464788002,2.5425813492920556e-05
1195000.0,0.0008686700938272,2.560462887239404e-05
1205000.0,0.0008791520809246002,2.626795487325979e-05
1215000.0,0.0009542439411764,2.748499337986161e-05
1225000.0,0.0009124442605946999,2.618016703214706e-05
1235000.0,0.0009394031688102,2.646927291381934e-05
1245000.0,0.0010071469745587,2.7586064055485498e-05
1255000.0,0.0010075776221183,2.752039633116283e-05
1265000.0,0.001013496358941,2.7390659465512665e-05
1275000.0,0.0010030527950505,2.6835379721142746e-05
1285000.0,0.001061000291539,2.729765063400641e-05
1295000.0,0.0011116916709595,2.850737599004136e-05
1305000.0,0.0011203569304694,2.8660386989483105e-05
1315000.0,0.0011671643636165,3.0393183830086595e-05
1325000.0,0.001346555512331,2.9897389430298642e-05
1335000.0,0.0080833846097214,6.098424782911951e-05
1345000.0,0.002850902580503,3.156349108883302e-05
1355000.0,0.0013616307751085,3.060189940807035e-05
1365000.0,0.0012910423245566,3.105188473743528e-05
1375000.0,0.0012914279913031,3.080814456599697e-05
1385000.0,0.0012910580157768,2.9890569661483665e-05
1395000.0,0.0012959104709803,3.1381263519978086e-05
1405000.0,0.0012456201269861,3.0461500121058863e-05
1415000.0,0.0013602071058373,3.134751326054482e-05
1425000.0,0.0013273192897478,3.166102073234099e-05
1435000.0,0.0013757039545426,3.245311349376575e-05
1445000.0,0.0013957580377407,3.3050777727199634e-05
1455000.0,0.0014238824307835,3.3148555620615165e-05
1465000.0,0.0014651558544607,3.230190414292418e-05
1475000.0,0.0015449267962357003,3.410657006450281e-05
1485000.0,0.001558844779434,3.422072614875663e-05
1495000.0,0.0015588489917984002,3.637813618276883e-05
1505000.0,0.0016951065020335,6.0876089358837466e-05
1515000.0,0.0017319962816132,6.348202874306453e-05
1525000.0,0.0017258572858548,4.396032875713347e-05
1535000.0,0.0018096744720492999,3.644044074502919e-05
1545000.0,0.001845812229753,3.6556241727083784e-05
1555000.0,0.0019370220659298003,3.90556980482455e-05
1565000.0,0.0019834137133725,3.141502709279712e-05
1575000.0,0.0020671477473669,2.7338406113514174e-05
1585000.0,0.0030905877773581003,3.259846085474501e-05
1595000.0,0.0032020650733045,3.417997852369769e-05
1605000.0,0.0023559362734535,2.933761753957463e-05
1615000.0,0.0024135397426212,2.971198658818294e-05
1625000.0,0.0025473826632115,3.168161468802189e-05
1635000.0,0.0026596670093268,3.852989999145243e-05
1645000.0,0.0026391242300303004,4.488538555219287e-05
1655000.0,0.0027810286837997005,4.630472121449185e-05
1665000.0,0.0029852172551881,4.74989900401175e-05
1675000.0,0.0030957209647643,4.868932347969438e-05
1685000.0,0.0032902414959055004,4.8975669426179594e-05
1695000.0,0.0034114395079706,5.094268228909624e-05
1705000.0,0.0035732840769432,5.074900362231294e-05
1715000.0,0.0039205692278188,4.064570710075306e-05
1725000.0,0.0042572797707339,3.968554047717429e-05
1735000.0,0.0047628472150478,4.220945006531814e-05
1745000.0,0.0053219328399318,4.7967945403998e-05
1755000.0,0.0051508469723599,4.3988420743492496e-05
1765000.0,0.005174294018924,4.377867690071711e-05
1775000.0,0.0052730924942052,4.454531167302008e-05
1785000.0,0.0054484911233773,4.46583673797145e-05
1795000.0,0.0058212326467519,5.067707087542139e-05
1805000.0,0.0062171342651762,6.697752804467238e-05
1815000.0,0.0065626491939808,6.990473969350338e-05
1825000.0,0.0069437784866837006,7.364319034892979e-05
1835000.0,0.007460313754530601,7.454761632486619e-05
1845000.0,0.0079631454138869,7.711105131750403e-05
1855000.0,0.0083513853373537,7.726858202679643e-05
1865000.0,0.0089799363500117,8.017966836263082e-05
1875000.0,0.0097262965827967,8.386344115948058e-05
1885000.0,0.0106906855694447,8.835811439013531e-05
1895000.0,0.011319148821387,9.188589155906146e-05
1905000.0,0.0121558449752416,9.604455205919158e-05
1915000.0,0.013045276477982011,9.980570157025022e-05
1925000.0,0.014028150807386697,0.00010020080835669317
1935000.0,0.015197863304334442,0.000105569500598878
1945000.0,0.01649287875287068,0.00011130250087471762
1955000.0,0.01819372308091536,0.000141558846091182
1965000.0,0.019891539634138828,0.00017370127890995328
1975000.0,0.021408700316567345,0.00017890913531082363
1985000.0,0.023622300296223236,0.00018826071289399128
1995000.0,0.02581232292869734,0.0001995984029833461
2005000.0,0.02857252026630565,0.00020238028441352327
2015000.0,0.031538298076388166,0.00021638374438097885
2025000.0,0.03440602406410766,0.00022588854517796556
2035000.0,0.03833658261111446,0.0002366050355800544
2045000.0,0.04245472915131691,0.00025142320818523643
2055000.0,0.04696452111309234,0.00026826090310202023
2065000.0,0.051728364490813916,0.0002762841950028012
2075000.0,0.05505259594595756,0.0002917982434412064
2085000.0,0.05729029209708966,0.00028933866939449436
2095000.0,0.05699505175196169,0.00028592819570320155
2105000.0,0.05541616658398019,0.00028446064191765585
2115000.0,0.05303414224104132,0.00028651210530899655
2125000.0,0.050884573105036836,0.0002728034862239971
2135000.0,0.0484171691157287,0.0002641995957356495
2145000.0,0.046977251141551234,0.0002691793832948128
2155000.0,0.046934292978271,0.0002602144286932337
2165000.0,0.04736195164791056,0.00026137713298023937
2175000.0,0.04878426198657905,0.00027352151764637426
2185000.0,0.052844184383900976,0.00028421995785671647
2195000.0,0.0591453904061732,0.00029229821962311074
2205000.0,0.0672792679982214,0.00030777176979178097
2215000.0,0.07644136777925244,0.000332565957057745
2225000.0,0.08582703225385682,0.00036071689341415057
2235000.0,0.09210168428314582,0.0003723511558810297
2245000.0,0.09445323060167068,0.00037637471830213816
2255000.0,0.0927115192694473,0.0003661872577295556
2265000.0,0.08787939516439319,0.0003636357359022708
2275000.0,0.08210254386737821,0.0003396216031600477
2285000.0,0.07747307790034803,0.0003321059537973431
2295000.0,0.07239198477176727,0.0003273626739024252
2305000.0,0.0694602102932152,0.00032555677209950674
2315000.0,0.06677951390685467,0.0003229498744392494
2325000.0,0.06473720488284317,0.0003089160749772649
2335000.0,0.06488931312280773,0.0003091598193717126
2345000.0,0.06544512570134689,0.00030997330234131324
2355000.0,0.06762984867307127,0.00031560837272078186
2365000.0,0.07025761820253254,0.00032024866782212673
2375000.0,0.07487048167398658,0.0003299610733647585
2385000.0,0.08011336754377792,0.0003442850110599605
2395000.0,0.08502281362941663,0.00035190784130812716
2405000.0,0.08693580936007753,0.00035478063218764546
2415000.0,0.08531605341806762,0.0003545291402703688
2425000.0,0.08072296743011982,0.0003447974966163013
2435000.0,0.07337503474982729,0.0003332128333728293
2445000.0,0.06428766820003047,0.00030682967574877134
2455000.0,0.0551431065360865,0.0002818116472552596
2465000.0,0.04852452030634756,0.0002705918861133595
2475000.0,0.042889845616207456,0.00025117061569092126
2485000.0,0.03884195999306011,0.00024115405599737757
2495000.0,0.035455391279779154,0.0002321364546514752
2505000.0,0.032764760336897084,0.00021683431436679063
2515000.0,0.03033548683944115,0.00021171404025465047
2525000.0,0.028725630210079532,0.00020851858168299586
2535000.0,0.02767189494296777,0.00020187417837645063
2545000.0,0.026531575194891667,0.00019963920389197935
2555000.0,0.026013584530521838,0.0001952922861289096
2565000.0,0.026088326585225523,0.00019699208492086925
2575000.0,0.027201579194010013,0.0002037626111731297
2585000.0,0.03418328521982779,0.00022334626512458347
2595000.0,0.05539939194590028,0.00028544633641331254
2605000.0,0.0690745707940362,0.00032345856909450236
2615000.0,0.04751307182113196,0.000262530130799766
2625000.0,0.03204235077976881,0.0002187760445190258
2635000.0,0.02719110086585683,0.00020050660041046422
2645000.0,0.025622438177299627,0.00019449703853533163
2655000.0,0.025856944213030232,0.0001972903835534241
2665000.0,0.032961006289265,0.00021460296930913387
2675000.0,0.06854507633994915,0.0003202678844076408
2685000.0,0.07027974742743029,0.000329956036738447
2695000.0,0.0344377909298502,0.00022141436110208876
2705000.0,0.025930197402705024,0.00019384996985959913
2715000.0,0.023568476578610446,0.00018640135088958228
2725000.0,0.022171924130210945,0.0001812086854021363
2735000.0,0.022802179354139866,0.00018483424795518905
2745000.0,0.02575819520167511,0.00019582969583339268
2755000.0,0.040802486876064414,0.00023965772941348068
2765000.0,0.06321701309478757,0.00031342058887928704
2775000.0,0.04498804774514581,0.00024988307810300074
2785000.0,0.034229109360995276,0.00022010411560624112
2795000.0,0.05401710338945025,0.00026528033772837414
2805000.0,0.1363925702518405,0.00046242328299613065
2815000.0,0.12310058384871182,0.000433176044520418
2825000.0,0.04715796008434316,0.000249779487970687
2835000.0,0.02954595783349768,0.00020610676158635408
2845000.0,0.024320951694676702,0.0001920039791833633
2855000.0,0.022587706668527028,0.00018460915492499725
2865000.0,0.02134245142273953,0.0001796111407206284
2875000.0,0.020560603035622085,0.00017781157851759648
2885000.0,0.02024469732657411,0.00019022999722879928
2895000.0,0.019814440531127214,0.00018867570215599008
2905000.0,0.019871192511676728,0.00018305773376465448
2915000.0,0.0206908718834609,0.00017776482271385138
2925000.0,0.020568010794748525,0.00017612028609816096
2935000.0,0.020572011449555845,0.00017799971488327655
2945000.0,0.020955058373800763,0.00017765797709391455
2955000.0,0.021395837892396765,0.00018205731700857275
2965000.0,0.022128069571746747,0.00018183128757148263
2975000.0,0.023167862515584395,0.00018604128258137742
2985000.0,0.02454215166149054,0.00019214703963117002
2995000.0,0.026211785254661946,0.00019831247234503894
3005000.0,0.028937202889882652,0.0002065178262838394
3015000.0,0.03257383713769912,0.00021809578020012
3025000.0,0.03790362820952765,0.00023544947446355274
3035000.0,0.04435086844174372,0.0002518999572995231
3045000.0,0.051329063469763965,0.00027473170359234206
3055000.0,0.05583747722085921,0.00028966570026233183
3065000.0,0.0558983609958693,0.0002869357191331961
3075000.0,0.05382717355206002,0.00028014927240152873
3085000.0,0.050946904041855735,0.00027568890045800526
3095000.0,0.047648699182804975,0.0002678857142473444
3105000.0,0.04507639994514544,0.0002541372938122605
3115000.0,0.043768214775821164,0.0002496218167231163
3125000.0,0.04332299322780044,0.00024968740968166225
3135000.0,0.04339996058594294,0.0002492767977611212
3145000.0,0.04355590508270286,0.0002543373653513307
3155000.0,0.04476912326883949,0.0002590807274045719
3165000.0,0.04682454345415873,0.00026407110558508424
3175000.0,0.04871248159393854,0.0002651588956054276
3185000.0,0.051277496555472875,0.0002663494290402944
3195000.0,0.0547621772228288,0.00028028452079741556
3205000.0,0.058056994042816605,0.00029203164683602197
3215000.0,0.06204478266436616,0.00030196067367292456
3225000.0,0.06643890804349338,0.00031158653071702245
3235000.0,0.07215127566117766,0.0003232612842280495
3245000.0,0.07952245809896004,0.00033153395938934137
3255000.0,0.08662738009062204,0.0003458687311472555
3265000.0,0.09516525512100069,0.00037011882215877076
3275000.0,0.10511687875518484,0.0003892653795009801
3285000.0,0.11446624263155913,0.00040537160271814744
3295000.0,0.12334595082682001,0.00042073536195939105
3305000.0,0.13005070834864024,0.00043103123760790906
3315000.0,0.1339632743289348,0.0004376423574317355
3325000.0,0.13322618571047729,0.0004359527249556168
3335000.0,0.12826552816681583,0.00042688302158232314
3345000.0,0.12016174294278179,0.00041302450253581066
3355000.0,0.10928285384275961,0.00039330187415460887
3365000.0,0.09785658365521618,0.00037178409927428655
3375000.0,0.08821359308601132,0.00035239676697581363
3385000.0,0.08322814464332245,0.00034287832448222784
3395000.0,0.08502638443898877,0.00035034654992710263
3405000.0,0.09716612848989335,0.0003798018104525698
3415000.0,0.11064718064195851,0.0004018211199241761
3425000.0,0.09918821516365554,0.000377671869441541
3435000.0,0.06939476069332126,0.0003096874621494155
3445000.0,0.0476048066091652,0.0002569049295576218
3455000.0,0.03596940577858532,0.00022914377360912263
3465000.0,0.028342250316631585,0.0002059069472323874
3475000.0,0.023377106408709603,0.00018397758740162966
3485000.0,0.01959907582800542,0.00017042399705625026
3495000.0,0.016940586397615275,0.00016058805830028948
3505000.0,0.014659109925058866,0.00015026507230303534
3515000.0,0.012674844451852801,0.000139855522324073
3525000.0,0.010912330772875857,0.00012907622659021734
3535000.0,0.009648145875430244,0.00012333129809848496
3545000.0,0.008745087412998138,0.00011946897917838197
3555000.0,0.007910577948232736,0.00011620563742197309
3565000.0,0.00684094197962934,0.00010832344797193294
3575000.0,0.006226631598519116,0.00010513524381286468
3585000.0,0.0055882759207161155,9.938948500331368e-05
3595000.0,0.005044008433458331,9.669885432745984e-05
3605000.0,0.004495392113481616,9.324677683884615e-05
3615000.0,0.003962572270357441,8.790085610979992e-05
3625000.0,0.003911564594628243,8.668454422517164e-05
3635000.0,0.007193858654906862,0.00010684402637721044
3645000.0,0.012183299566435954,0.000146483965797324
3655000.0,0.008742195078755611,0.00011814772252820429
3665000.0,0.0057565524493190245,0.00010222692446853271
3675000.0,0.005111781645499156,9.820211144350718e-05
3685000.0,0.004926954484799405,9.649553505806707e-05
3695000.0,0.006264025894228232,0.00010222709627993725
3705000.0,0.020238522657760705,0.00015851272283161295
3715000.0,0.04019541745790856,0.0002654529263519297
3725000.0,0.018914377658161678,0.00015597790791319367
3735000.0,0.006203381532650605,0.00010272720889254784
3745000.0,0.004034999452475715,9.159796047532592e-05
3755000.0,0.003310288390388865,8.884216738888562e-05
3765000.0,0.00289587339293294,8.413695579712556e-05
3775000.0,0.002598475314311044,8.223375028271727e-05
3785000.0,0.00228954895658878,8.034287838667928e-05
3795000.0,0.002233482452879104,8.099030316662917e-05
3805000.0,0.002133714702827578,7.852451846228876e-05
3815000.0,0.0019989336058392,7.883471910954311e-05
3825000.0,0.001822690415040889,7.228279545439914e-05
3835000.0,0.0017976699866057294,7.57919208771567e-05
3845000.0,0.0017741576303005443,7.539516768888137e-05
3855000.0,0.0016710079533044137,7.124746602066814e-05
3865000.0,0.0017103238081315878,7.28934660695283e-05
3875000.0,0.001533068686907039,7.092480974641796e-05
3885000.0,0.0014613577389092703,6.909464730902482e-05
3895000.0,0.0015260183713549451,7.012244637587e-05
3905000.0,0.0017005311021451824,7.145453368542571e-05
3915000.0,0.001994464305864178,7.422865018928824e-05
3925000.0,0.0020802340399865057,7.789012429995217e-05
3935000.0,0.002125633387912989,7.9435341610809e-05
3945000.0,0.0023484490042914134,8.056228412596176e-05
3955000.0,0.002671278002555716,8.381369556949141e-05
3965000.0,0.003137090704099888,8.679987386913903e-05
3975000.0,0.0035428975986326722,9.158505332054576e-05
3985000.0,0.0038863722378639147,9.426448523560248e-05
3995000.0,0.004335760709600408,9.498945444175133e-05
4005000.0,0.0049674262397281345,9.954258156653948e-05
4015000.0,0.005638424046557998,0.00010350604209871627
4025000.0,0.006436838845129518,0.00011076950875316547
4035000.0,0.006823360072130618,0.00011233807185438855
4045000.0,0.007364150222987891,0.00011659974439384068
4055000.0,0.008175303477780269,0.00011986027389848388
4065000.0,0.009121067015190608,0.00011688780834307949
4075000.0,0.011250310404461722,0.00012062936252691331
4085000.0,0.016716547633815193,0.0001455529029271997
4095000.0,0.023315401835256294,0.0001882386367694256
4105000.0,0.020052554249826028,0.00017406516503135262
4115000.0,0.014271950480527493,0.00014964848511085828
4125000.0,0.011026564718234702,0.0001343902175441161
4135000.0,0.009218028120783215,0.0001265304810063697
4145000.0,0.008339421078089375,0.00012173557754896017
4155000.0,0.007919800874560966,0.00011797138159064963
4165000.0,0.007453072591454561,0.00011627178358973864
4175000.0,0.007271774010783543,0.00011689936491133483
4185000.0,0.006993572456072544,0.00011489338166776632
4195000.0,0.006740343980874084,0.00011287733054016091
4205000.0,0.0069371081456008595,0.00011612338652348295
4215000.0,0.007100938999419981,0.00011453015384072266
4225000.0,0.0071875068621517725,0.00011569332756263334
4235000.0,0.007193692657517465,0.00011599009612805588
4245000.0,0.007252794998748991,0.00011651289394653488
4255000.0,0.007319890642891732,0.00011541887695273216
4265000.0,0.00754153957609092,0.00011948538265344594
4275000.0,0.007674369791960058,0.00011756511666337773
4285000.0,0.007748154412135713,0.00011960289771815276
4295000.0,0.008138399437332456,0.00012172604587586339
4305000.0,0.009011127334256326,0.00012592542950458274
4315000.0,0.009922999391125599,0.00013066299044916098
4325000.0,0.01104780918764632,0.00013532986848013712
4335000.0,0.012780505423223044,0.0001454104321098781
4345000.0,0.015668447274044744,0.00015341610610240596
4355000.0,0.021766634401623068,0.0001762886102464932
4365000.0,0.03312494218962975,0.00021261602498775356
4375000.0,0.05532060050263994,0.000275229414758556
4385000.0,0.08546761033818208,0.00034792613721084135
4395000.0,0.09752931581340854,0.0003710598666492526
4405000.0,0.07867324913337774,0.000330164924982278
4415000.0,0.050866881172795385,0.0002589750090655752
4425000.0,0.03314177261666441,0.00021396677097214691
4435000.0,0.023283348716040063,0.00018439315150537458
4445000.0,0.01823109429557999,0.00016694691276667118
4455000.0,0.01569237889030313,0.00015794229639974763
4465000.0,0.014224902445023916,0.00015195038763496683
4475000.0,0.012717839473664888,0.00014492356260512794
4485000.0,0.010255902711002917,0.00013179224850432144
4495000.0,0.008100295696576098,0.00011901135028407735
4505000.0,0.007780102382393597,0.00012108638830160947
4515000.0,0.008150531823208062,0.0001230825657707215
4525000.0,0.008705899140363594,0.00012578124327294434
4535000.0,0.009230270104597902,0.00012762826408463113
4545000.0,0.01014243906495599,0.0001354551889662232
4555000.0,0.012600325595498065,0.00014114594186436966
4565000.0,0.021909793982516832,0.00016551427874376062
4575000.0,0.06319744088421106,0.0002795124744082472
4585000.0,0.0976700636796689,0.00038534826643972243
4595000.0,0.06586842078782587,0.0002813478505464849
4605000.0,0.042693872864001024,0.0002466835365136024
4615000.0,0.032250865863323167,0.00021863770399552142
4625000.0,0.025393773386154787,0.0001920934675404169
4635000.0,0.022613651958975176,0.00018285867019042482
4645000.0,0.022147904930246626,0.000181819667377938
4655000.0,0.022908737779184087,0.00018482611282347343
4665000.0,0.02426637102080785,0.0001910066894368541
4675000.0,0.026032994352785666,0.00019521149922144458
4685000.0,0.028235455963346773,0.000207379066327172
4695000.0,0.02991663513445405,0.000207744503770416
4705000.0,0.03115256366293222,0.0002126063038404838
4715000.0,0.03206822714148794,0.00021407887813859868
4725000.0,0.032604803581714824,0.00021913089463506535
4735000.0,0.0324839133004729,0.0002172143569725034
4745000.0,0.032267753415350785,0.00021787261209156936
4755000.0,0.03189704222815145,0.00021329974642766617
4765000.0,0.03171955965855859,0.00021304503276248283
4775000.0,0.031632894826363035,0.0002158819236243195
4785000.0,0.03169967344125777,0.00021529651487247283
4795000.0,0.03197652984792818,0.00021628569359672558
4805000.0,0.03245892951353713,0.00021498846263865508
4815000.0,0.03275630504895878,0.00021809341173341265
4825000.0,0.032229394160032815,0.00021787939005194767
4835000.0,0.030756396285263443,0.00021342424967803395
4845000.0,0.029316141898965458,0.00020951903169958382
4855000.0,0.027925458268528176,0.00022081346653237882
4865000.0,0.027290157874651964,0.00022645240232334332
4875000.0,0.028158265419247056,0.00023740187317602943
4885000.0,0.029140278447826386,0.0002132619943116496
4895000.0,0.030997359388976943,0.00021291503955679622
4905000.0,0.0341180071862272,0.00022182991541871497
4915000.0,0.038741582655426016,0.00023321252208555117
4925000.0,0.04495804122149436,0.0002490722760398839
4935000.0,0.05344140909972018,0.0002707785979821305
4945000.0,0.065447942239302,0.0002949686879223497
4955000.0,0.08187583863007672,0.00033174545843310413
4965000.0,0.10345452026490723,0.00036697925987221844
4975000.0,0.12540476885339713,0.0004093420305986148
4985000.0,0.13940248358520574,0.00042781770157454134
4995000.0,0.14045853948544224,0.0004324724680729855
5005000.0,0.12886554511321127,0.0004121239715980834
5015000.0,0.11174442547076792,0.00038524854993031123
5025000.0,0.10033158443742331,0.00036079100718982015
5035000.0,0.09598377405670964,0.0003576786779472786
5045000.0,0.09402423238026116,0.00034937159459828897
5055000.0,0.09352109709216244,0.00035200889162041705
5065000.0,0.09482685314947192,0.0003511304999311503
5075000.0,0.09793460542563365,0.00035865875652419955
5085000.0,0.1018447711357841,0.00036564646702978015
5095000.0,0.1062456647807958,0.0003748481440611682
5105000.0,0.11157962011524543,0.00038010982460506734
5115000.0,0.1176661520913298,0.000392365407266599
5125000.0,0.1243908167864875,0.0003997486601681038
5135000.0,0.13170250847286094,0.0004175851658787733
5145000.0,0.1383929746859555,0.00042369718103991305
5155000.0,0.14477658719475356,0.00043229068133876584
5165000.0,0.14966389071110348,0.00043804490958883503
5175000.0,0.15342490055271005,0.00044031147501716084
5185000.0,0.1572281995868009,0.0004477747387208261
5195000.0,0.1592002485059738,0.00044726064466197647
5205000.0,0.1585044862951626,0.0004488342927871697
5215000.0,0.15623121441517163,0.00044534994057045826
5225000.0,0.15360984713499848,0.00043876937939384104
5235000.0,0.15011957927949782,0.0004373108288967977
5245000.0,0.14503638955610942,0.00042889160921617575
5255000.0,0.1405684399664562,0.0004197055733861456
5265000.0,0.13709554774602176,0.00041798787019647096
5275000.0,0.1333140168169732,0.00041222223813578937
5285000.0,0.12983003397463871,0.00040456878249384235
5295000.0,0.12914391495267397,0.0004043871437261851
5305000.0,0.13828146519376164,0.00041457714069739645
5315000.0,0.16375657694012424,0.0004559107388071153
5325000.0,0.17819934769541132,0.0004933034487680697
5335000.0,0.15721114671596392,0.0004465409116903663
5345000.0,0.13532437857850074,0.0004180308769289928
5355000.0,0.12764330992496278,0.0004039184842462068
5365000.0,0.12722678111705168,0.0004053354737492706
5375000.0,0.13004292515416624,0.00041533398272578415
5385000.0,0.13531862642942835,0.0004231427017964582
5395000.0,0.14268343001491515,0.00047670344027139446
5405000.0,0.14783135077161313,0.0006092678567244256
5415000.0,0.15001841111538147,0.000745413975262726
5425000.0,0.15082895889123946,0.0008297148656418547
5435000.0,0.1511705809955748,0.0008694088456074838
5445000.0,0.1513482955968616,0.0008927427563478651
5455000.0,0.1540774975548863,0.011584023418337603
5465000.0,0.156401070407431,0.00891975327189481
5475000.0,0.16650504297186672,0.009087318127979256
5485000.0,0.1773830206672769,0.010702047466488982
5495000.0,0.1852982719288913,0.014346752053651065
5505000.0,0.18428635290307274,0.014252237049113329
5515000.0,0.1727317170223244,0.012324963938823716
5525000.0,0.1508685180544774,0.011591281513541708
5535000.0,0.13668140593936418,0.013514039183385208
5545000.0,0.1196660711787357,0.011227958003147336
5555000.0,0.10433484508982975,0.010199027355614612
5565000.0,0.0803988279668813,0.012092867966555
5575000.0,0.0779673458605857,0.0096473401601238
5585000.0,0.0739551359716114,0.0094088488348402
5595000.0,0.0722953889257577,0.0105394322721512
5605000.0,0.0714691638320792,0.0083832150104172
5615000.0,0.0705496453036042,0.0095753104574085
5625000.0,0.0704007941433896,0.0107098941974958
5635000.0,0.0715432475791875,0.0088397125256568
5645000.0,0.0743162096341933,0.0100168151813286
5655000.0,0.0755430828117792,0.0113437133651196
5665000.0,0.0779745938384528,0.0095866231728572
5675000.0,0.0831724651152276,0.0105533851948441
5685000.0,0.0868242704729517,0.0126270499330861
5695000.0,0.0953531450915253,0.0110872209641919
5705000.0,0.1129808309438668,0.014232644145902501
5715000.0,0.1246573092624951,0.015060566669898101
5725000.0,0.1374632800730288,0.015126486800974698
5735000.0,0.15281791506803094,0.0170870986242271
5745000.0,0.168391349078349,0.0184214840283449
5755000.0,0.1795469427573675,0.0206191213150587
5765000.0,0.1842627772406234,0.0199965280021144
5775000.0,0.184309127757974,0.0211120412313751
5785000.0,0.1807149002829667,0.0198526618382617
5795000.0,0.1761622887323083,0.021172275276022005
5805000.0,0.17087017506058544,0.0180927623641084
5815000.0,0.1662831901489648,0.0186308572078791
5825000.0,0.16417883641039208,0.0176067860451595
5835000.0,0.1633014580206385,0.0172590304329282
5845000.0,0.1636236401880507,0.0171069303845303
5855000.0,0.1653719972298467,0.0183407761283166
5865000.0,0.1689794041984202,0.0177452868069913
5875000.0,0.1744001713176895,0.0188655191844767
5885000.0,0.1817122072600739,0.0197951354204596
5895000.0,0.1932942519796094,0.0213647002515137
5905000.0,0.2143056366402478,0.023019958023939503
5915000.0,0.2404088876511885,0.0269521200122711
5925000.0,0.2699664958081428,0.029429592834677904
5935000.0,0.297332919199505,0.0332466031751233
5945000.0,0.314054381778533,0.033893625346279
5955000.0,0.315011439089657,0.0357960400826635
5965000.0,0.2971878109154487,0.030531119976557605
5975000.0,0.2703886403463611,0.026140383369866096
5985000.0,0.2480578469198551,0.0220688689810624
5995000.0,0.2321785343458646,0.0215204293492164
6005000.0,0.2132821654097,0.0187709184673642
6015000.0,0.18725711542183768,0.0170191256009101
6025000.0,0.1665927129353486,0.0131377906129574
6035000.0,0.15929003017466112,0.0122376689674527
6045000.0,0.1597186732568778,0.011367701836939501
6055000.0,0.1674918106806081,0.011262575681563998
6065000.0,0.19020408182417398,0.0129446239827614
6075000.0,0.2332296527986547,0.0157597406593054
6085000.0,0.2843278723410741,0.0194022185304621
6095000.0,0.3282542783972461,0.0217942312337642
6105000.0,0.3553391363660408,0.0233206625164501
6115000.0,0.3545581678206901,0.0234653513707945
6125000.0,0.3322056240476344,0.0220929639340232
6135000.0,0.3039558940950826,0.0223152906179261
6145000.0,0.2709153876187535,0.0211362772229827
6155000.0,0.2336466967353242,0.0204479076801368
6165000.0,0.21011175073252997,0.019165522128714
6175000.0,0.2012510388543331,0.0202356751898299
6185000.0,0.1977455805869748,0.0213057621226683
6195000.0,0.1937092024213317,0.0194765988256271
6205000.0,0.1880750403839055,0.0231063429851034
6215000.0,0.1855644113848344,0.0247799240785525
6225000.0,0.1841080645898963,0.01798001301392
6235000.0,0.1830009098147325,0.0182965359503643
6245000.0,0.1825985195080255,0.0194556040040708
6255000.0,0.18209028925019882,0.0172944813564097
6265000.0,0.18119694376277634,0.0178975667106538
6275000.0,0.1816904559320671,0.0197960593641353
6285000.0,0.18404942257166662,0.0179986871502701
6295000.0,0.1875748386144277,0.0178479790740294
6305000.0,0.19215179963973006,0.0180467582698321
6315000.0,0.19837840545860683,0.0191001641063399
6325000.0,0.20759271039577581,0.0190487720105084
6335000.0,0.21781611796163863,0.0198474728978687
6345000.0,0.2233475943411669,0.022417218733997
6355000.0,0.225492334483006,0.021311844644144505
6365000.0,0.2256497797419265,0.0211670698491639
6375000.0,0.221939629125345,0.0214215079513874
6385000.0,0.2162883043373553,0.0196172951617002
6395000.0,0.210782584279736,0.0202151059284899
6405000.0,0.2009612237715824,0.0175784162731995
6415000.0,0.1855838315337065,0.0166189465498395
6425000.0,0.1764788965278388,0.018619310668872
6435000.0,0.1735367445430526,0.0202728887916727
6445000.0,0.1723602624989305,0.0224404183254961
6455000.0,0.1702632293482491,0.022877367903821
6465000.0,0.1553935174169189,0.0186190532584627
6475000.0,0.1492745277644664,0.0236034206709283
6485000.0,0.14901334784787756,0.0237272218025951
6495000.0,0.1489231600551864,0.022800447150575397
6505000.0,0.1484830596945858,0.0187077586504345
6515000.0,0.1475444934332589,0.0181943009986061
6525000.0,0.14706724955019,0.022378842827064
6535000.0,0.1469754130193972,0.0233957418031565
6545000.0,0.1469621030833895,0.0235473691775677
6555000.0,0.1469602814054105,0.0235682011987274
6565000.0,0.14696,0.0235714209363797
6575000.0,0.1471087856804004,0.0226842838227346
6585000.0,0.1505747228694012,0.0226569535809336
6595000.0,0.15083,0.0241998354506802
6605000.0,0.15083,0.0241998354506802
6615000.0,0.15083,0.0241998354506802
6625000.0,0.15083,0.0241998354506802
6635000.0,0.15083,0.0241998354506802
6645000.0,0.15083,0.0241998354506802
6655000.0,0.15083,0.0241998354506802
6665000.0,0.15083,0.0241998354506802
6675000.0,0.15099869088941686,0.0239653090541662
6685000.0,0.1625638026762767,0.0198880788062394
6695000.0,0.1680923741461324,0.026923235338284
6705000.0,0.1681307434655375,0.026980905254087598
6715000.0,0.1681360192704904,0.026974082536210496
6725000.0,0.1681785808673559,0.026919121493751898
6735000.0,0.1685165951376618,0.0264878990946485
6745000.0,0.17090107844040822,0.023744558117029597
6755000.0,0.1797750307798735,0.020611145121794
6765000.0,0.1876399280030223,0.027137737668705798
6775000.0,0.1910321485836962,0.0271734636019783
6785000.0,0.1968793798366348,0.0229649445713535
6795000.0,0.2058386557382032,0.0253712713062222
6805000.0,0.2134407483703016,0.028668249825488504
6815000.0,0.2240816392485967,0.0257714560021633
6825000.0,0.23868104069755072,0.029559835876458298
6835000.0,0.2492062976198194,0.033567002167913806
6845000.0,0.25996869510983,0.02997972461196
6855000.0,0.2730859634968661,0.0335410607708628
6865000.0,0.2802638335949607,0.0375380951347493
6875000.0,0.2820167054889924,0.0326597052025759
6885000.0,0.2816057717733712,0.0342907377301393
6895000.0,0.2791978534072293,0.0377487879946919
6905000.0,0.2719458091036691,0.0319171549942
6915000.0,0.2614357448001448,0.0315561164123048
6925000.0,0.2551085209981342,0.0344050334848285
6935000.0,0.2512340095857391,0.0295680886332692
6945000.0,0.2475224188841243,0.0301152428169241
6955000.0,0.2456881667596632,0.0352305718814336
6965000.0,0.246442525561838,0.0330776255662927
6975000.0,0.250623300512175,0.0286046722520622
6985000.0,0.2543282300702645,0.0359987993334605
6995000.0,0.2559393844855967,0.0356678047569756
7005000.0,0.2580538015783934,0.0297988003956373
7015000.0,0.2606310236808223,0.0316640913512354
7025000.0,0.2616141712440819,0.0337197854209202
7035000.0,0.2606544245788896,0.029143352395920898
7045000.0,0.2579823444378067,0.029446374493526
7055000.0,0.2532674110541554,0.027024075778582998
7065000.0,0.24717043764973862,0.021649121450179
7075000.0,0.24323985362369396,0.0202974153137183
7085000.0,0.2427923094722862,0.0186755095575099
7095000.0,0.24596658480939276,0.0175535974246788
7105000.0,0.2536411114545808,0.0177214035388445
7115000.0,0.2645924921803642,0.018915509496139002
7125000.0,0.2733237819553733,0.020075217819732
7135000.0,0.272676211055453,0.0200352114531624
7145000.0,0.2619313797727431,0.018844975885672296
7155000.0,0.2495016308310051,0.0182954957020433
7165000.0,0.2413822958181844,0.0190416913657816
7175000.0,0.2367002127950036,0.019953806231340805
7185000.0,0.2327756923613861,0.020683592894260604
7195000.0,0.229131160071895,0.0247035236407853
7205000.0,0.22700916399303686,0.0257235697787449
7215000.0,0.2261154942648344,0.025960805230115198
7225000.0,0.225745559627592,0.031048603379847595
7235000.0,0.2253959563802785,0.0335443450839062
7245000.0,0.2236984707878863,0.0283568253144935
7255000.0,0.2198149944418357,0.028368867816433697
7265000.0,0.2182645751332425,0.034317985437598
7275000.0,0.2181670227765852,0.0351391441429338
7285000.0,0.2191610831008635,0.0338812108737462
7295000.0,0.2256813084809383,0.0274998959250531
7305000.0,0.2383695828081244,0.0323907093368645
7315000.0,0.24287218583797968,0.0385350873286324
7325000.0,0.2436269783936261,0.0392151211338289
7335000.0,0.2450677260112817,0.036989297500729
7345000.0,0.2531626399052158,0.0262954477629399
7355000.0,0.2636274854323393,0.0274394688237657
7365000.0,0.2660325292185317,0.0302707474512766
7375000.0,0.2662830093298508,0.0305613586543329
7385000.0,0.2661745019677816,0.030071042596482498
7395000.0,0.2651881471893056,0.0268648343838401
7405000.0,0.2617084163790986,0.0282463412455625
7415000.0,0.2591947528800234,0.0393878926120989
7425000.0,0.2587942533215195,0.04173549669379959
7435000.0,0.2593633339479863,0.0402616666947702
7445000.0,0.263092269273124,0.0321496668985745
7455000.0,0.2701307465246508,0.0341669307783972
7465000.0,0.2727354385360805,0.0370429507941802
7475000.0,0.2732275727968219,0.0335471564702125
7485000.0,0.2734614150465328,0.0318613400896303
7495000.0,0.2736365717579566,0.0349467832410931
7505000.0,0.2735683915142199,0.0381661457593943
7515000.0,0.2721608570989671,0.0334786895317283
7525000.0,0.2688138186974433,0.03562007444299759
7535000.0,0.2674796488552197,0.0430215924089928
7545000.0,0.2671925560256996,0.043999947119473505
7555000.0,0.2663894739877853,0.04249776228189231
7565000.0,0.2618335924245002,0.0345160142964584
7575000.0,0.2519769150563923,0.0328309221502228
7585000.0,0.2474202297192052,0.0398444893730874
7595000.0,0.2466909432667701,0.0410884738358219
7605000.0,0.24693769836482687,0.039407922868789
7615000.0,0.2487907050500535,0.0317894635397048
7625000.0,0.252256785781296,0.0347182649515168
7635000.0,0.2537177675796914,0.0416888463377327
7645000.0,0.2542901726991089,0.042879548848142005
7655000.0,0.2571675854241756,0.0416983564109799
7665000.0,0.2763002845500527,0.0352272608267498
7675000.0,0.3217484947398153,0.0420523615644816
7685000.0,0.3448265370452306,0.0477142746838672
7695000.0,0.3562539233577854,0.0416897478810903
7705000.0,0.3689298188782536,0.0362765569149326
7715000.0,0.3800279039865787,0.0381659517618287
7725000.0,0.3863980870619383,0.0421961384523436
7735000.0,0.3890770337536255,0.0448611490147428
7745000.0,0.3899658976739553,0.0465944399210648
7755000.0,0.390107818011001,0.048054044835807
7765000.0,0.3877254345737418,0.0480598311731409
7775000.0,0.3431096363467598,0.039456885620852
7785000.0,0.3162053030004989,0.054392084320056
7795000.0,0.3153764719154786,0.0550010425848086
7805000.0,0.31536,0.05501323293317701
7815000.0,0.31536,0.05501323293317701
7825000.0,0.31536,0.05501323293317701
7835000.0,0.31536,0.05501323293317701
7845000.0,0.31536,0.05501323293317701
7855000.0,0.31536,0.05501323293317701
7865000.0,0.31536,0.05501323293317701
7875000.0,0.31536,0.05501323293317701
7885000.0,0.31536,0.05501323293317701
7895000.0,0.31536,0.05501323293317701
7905000.0,0.0,0.0
7915000.0,0.19317,0.0435701630917305
7925000.0,0.19317,0.0435701630917305
7935000.0,0.19317,0.0435701630917305
7945000.0,0.19317,0.0435701630917305
7955000.0,0.19317,0.0435701630917305
7965000.0,0.19317,0.0435701630917305
7975000.0,0.19317,0.0435701630917305
7985000.0,0.19317,0.0435701630917305
7995000.0,0.19317,0.0435701630917305
8005000.0,0.1931699999999999,0.0435701630917305
