XS_Ea_sum,dXS_Ea,Ea_mean
0.0,0.0,301000.0
0.0,0.0,303000.0
0.0,0.0,305000.0
0.0,0.0,307000.0
0.0,0.0,309000.0
0.0,0.0,311000.0
0.0,0.0,313000.0
0.0,0.0,315000.0
0.0,0.0,317000.0
0.0,0.0,319000.0
0.0,0.0,321000.0
0.0,0.0,323000.0
0.0,0.0,325000.0
0.0,0.0,327000.0
0.0,0.0,329000.0
0.0,0.0,331000.0
0.0,0.0,333000.0
0.0,0.0,335000.0
0.0,0.0,337000.0
0.0,0.0,339000.0
0.0,0.0,341000.0
0.0,0.0,343000.0
0.0,0.0,345000.0
0.0,0.0,347000.0
0.0,0.0,349000.0
0.0,0.0,351000.0
0.0,0.0,353000.0
0.0,0.0,355000.0
0.0,0.0,357000.0
0.0,0.0,359000.0
0.0,0.0,361000.0
0.0,0.0,363000.0
0.0,0.0,365000.0
0.0,0.0,367000.0
0.0,0.0,369000.0
0.0,0.0,371000.0
0.0,0.0,373000.0
0.0,0.0,375000.0
0.0,0.0,377000.0
0.0,0.0,379000.0
0.0,0.0,381000.0
0.0,0.0,383000.0
0.0,0.0,385000.0
0.0,0.0,387000.0
0.0,0.0,389000.0
0.0,0.0,391000.0
0.0,0.0,393000.0
0.0,0.0,395000.0
0.0,0.0,397000.0
0.0,0.0,399000.0
0.0,0.0,401000.0
0.0,0.0,403000.0
0.0,0.0,405000.0
0.0,0.0,407000.0
0.0,0.0,409000.0
0.0,0.0,411000.0
0.0,0.0,413000.0
0.0,0.0,415000.0
0.0,0.0,417000.0
0.0,0.0,419000.0
0.0,0.0,421000.0
0.0,0.0,423000.0
0.0,0.0,425000.0
0.0,0.0,427000.0
0.0,0.0,429000.0
0.0,0.0,431000.0
0.0,0.0,433000.0
0.0,0.0,435000.0
0.0,0.0,437000.0
0.0,0.0,439000.0
0.0,0.0,441000.0
0.0,0.0,443000.0
0.0,0.0,445000.0
0.0,0.0,447000.0
0.0,0.0,449000.0
0.0,0.0,451000.0
0.0,0.0,453000.0
0.0,0.0,455000.0
0.0,0.0,457000.0
0.0,0.0,459000.0
0.0,0.0,461000.0
0.0,0.0,463000.0
0.0,0.0,465000.0
0.0,0.0,467000.0
0.0,0.0,469000.0
0.0,0.0,471000.0
0.0,0.0,473000.0
0.0,0.0,475000.0
0.0,0.0,477000.0
0.0,0.0,479000.0
0.0,0.0,481000.0
0.0,0.0,483000.0
0.0,0.0,485000.0
0.0,0.0,487000.0
0.0,0.0,489000.0
0.0,0.0,491000.0
0.0,0.0,493000.0
0.0,0.0,495000.0
0.0,0.0,497000.0
0.0,0.0,499000.0
0.0,0.0,501000.0
0.0,0.0,503000.0
0.0,0.0,505000.0
0.0,0.0,507000.0
0.0,0.0,509000.0
0.0,0.0,511000.0
0.0,0.0,513000.0
0.0,0.0,515000.0
0.0,0.0,517000.0
0.0,0.0,519000.0
0.0,0.0,521000.0
0.0,0.0,523000.0
0.0,0.0,525000.0
0.0,0.0,527000.0
0.0,0.0,529000.0
0.0,0.0,531000.0
0.0,0.0,533000.0
0.0,0.0,535000.0
0.0,0.0,537000.0
0.0,0.0,539000.0
0.0,0.0,541000.0
0.0,0.0,543000.0
0.0,0.0,545000.0
0.0,0.0,547000.0
0.0,0.0,549000.0
0.0,0.0,551000.0
0.0,0.0,553000.0
0.0,0.0,555000.0
0.0,0.0,557000.0
0.0,0.0,559000.0
0.0,0.0,561000.0
0.0,0.0,563000.0
0.0,0.0,565000.0
0.0,0.0,567000.0
0.0,0.0,569000.0
0.0,0.0,571000.0
0.0,0.0,573000.0
0.0,0.0,575000.0
0.0,0.0,577000.0
0.0,0.0,579000.0
0.0,0.0,581000.0
0.0,0.0,583000.0
0.0,0.0,585000.0
0.0,0.0,587000.0
0.0,0.0,589000.0
0.0,0.0,591000.0
0.0,0.0,593000.0
0.0,0.0,595000.0
0.0,0.0,597000.0
0.0,0.0,599000.0
0.0,0.0,601000.0
0.0,0.0,603000.0
0.0,0.0,605000.0
0.0,0.0,607000.0
0.0,0.0,609000.0
0.0,0.0,611000.0
0.0,0.0,613000.0
0.0,0.0,615000.0
0.0,0.0,617000.0
0.0,0.0,619000.0
0.0,0.0,621000.0
0.0,0.0,623000.0
0.0,0.0,625000.0
0.0,0.0,627000.0
0.0,0.0,629000.0
0.0,0.0,631000.0
0.0,0.0,633000.0
0.0,0.0,635000.0
0.0,0.0,637000.0
0.0,0.0,639000.0
0.0,0.0,641000.0
0.0,0.0,643000.0
0.0,0.0,645000.0
0.0,0.0,647000.0
0.0,0.0,649000.0
0.0,0.0,651000.0
0.0,0.0,653000.0
0.0,0.0,655000.0
0.0,0.0,657000.0
0.0,0.0,659000.0
0.0,0.0,661000.0
0.0,0.0,663000.0
0.0,0.0,665000.0
0.0,0.0,667000.0
0.0,0.0,669000.0
0.0,0.0,671000.0
0.0,0.0,673000.0
0.0,0.0,675000.0
0.0,0.0,677000.0
0.0,0.0,679000.0
0.0,0.0,681000.0
0.0,0.0,683000.0
0.0,0.0,685000.0
0.0,0.0,687000.0
0.0,0.0,689000.0
0.0,0.0,691000.0
0.0,0.0,693000.0
0.0,0.0,695000.0
0.0,0.0,697000.0
0.0,0.0,699000.0
0.0,0.0,701000.0
0.0,0.0,703000.0
0.0,0.0,705000.0
0.0,0.0,707000.0
0.0,0.0,709000.0
0.0,0.0,711000.0
0.0,0.0,713000.0
0.0,0.0,715000.0
0.0,0.0,717000.0
0.0,0.0,719000.0
0.0,0.0,721000.0
0.0,0.0,723000.0
0.0,0.0,725000.0
0.0,0.0,727000.0
0.0,0.0,729000.0
0.0,0.0,731000.0
0.0,0.0,733000.0
0.0,0.0,735000.0
0.0,0.0,737000.0
0.0,0.0,739000.0
0.0,0.0,741000.0
0.0,0.0,743000.0
0.0,0.0,745000.0
0.0,0.0,747000.0
0.0,0.0,749000.0
0.0,0.0,751000.0
0.0,0.0,753000.0
0.0,0.0,755000.0
0.0,0.0,757000.0
0.0,0.0,759000.0
0.0,0.0,761000.0
0.0,0.0,763000.0
0.0,0.0,765000.0
0.0,0.0,767000.0
0.0,0.0,769000.0
0.0,0.0,771000.0
0.0,0.0,773000.0
0.0,0.0,775000.0
0.0,0.0,777000.0
0.0,0.0,779000.0
0.0,0.0,781000.0
0.0,0.0,783000.0
0.0,0.0,785000.0
0.0,0.0,787000.0
0.0,0.0,789000.0
0.0,0.0,791000.0
0.0,0.0,793000.0
0.0,0.0,795000.0
0.0,0.0,797000.0
0.0,0.0,799000.0
0.0,0.0,801000.0
0.0,0.0,803000.0
0.0,0.0,805000.0
0.0,0.0,807000.0
0.0,0.0,809000.0
0.0,0.0,811000.0
0.0,0.0,813000.0
0.0,0.0,815000.0
0.0,0.0,817000.0
0.0,0.0,819000.0
0.0,0.0,821000.0
0.0,0.0,823000.0
0.0,0.0,825000.0
0.0,0.0,827000.0
0.0,0.0,829000.0
0.0,0.0,831000.0
0.0,0.0,833000.0
0.0,0.0,835000.0
0.0,0.0,837000.0
0.0,0.0,839000.0
0.0,0.0,841000.0
0.0,0.0,843000.0
0.0,0.0,845000.0
0.0,0.0,847000.0
0.0,0.0,849000.0
0.0,0.0,851000.0
0.0,0.0,853000.0
0.0,0.0,855000.0
0.0,0.0,857000.0
0.0,0.0,859000.0
0.0,0.0,861000.0
0.0,0.0,863000.0
0.0,0.0,865000.0
0.0,0.0,867000.0
0.0,0.0,869000.0
0.0,0.0,871000.0
0.0,0.0,873000.0
0.0,0.0,875000.0
0.0,0.0,877000.0
0.0,0.0,879000.0
0.0,0.0,881000.0
0.0,0.0,883000.0
0.0,0.0,885000.0
0.0,0.0,887000.0
0.0,0.0,889000.0
0.0,0.0,891000.0
0.0,0.0,893000.0
0.0,0.0,895000.0
0.0,0.0,897000.0
0.0,0.0,899000.0
0.0,0.0,901000.0
0.0,0.0,903000.0
0.0,0.0,905000.0
0.0,0.0,907000.0
0.0,0.0,909000.0
0.0,0.0,911000.0
0.0,0.0,913000.0
0.0,0.0,915000.0
0.0,0.0,917000.0
0.0,0.0,919000.0
0.0,0.0,921000.0
0.0,0.0,923000.0
0.0,0.0,925000.0
0.0,0.0,927000.0
0.0,0.0,929000.0
0.0,0.0,931000.0
0.0,0.0,933000.0
0.0,0.0,935000.0
0.0,0.0,937000.0
0.0,0.0,939000.0
0.0,0.0,941000.0
0.0,0.0,943000.0
0.0,0.0,945000.0
0.0,0.0,947000.0
0.0,0.0,949000.0
0.0,0.0,951000.0
0.0,0.0,953000.0
0.0,0.0,955000.0
0.0,0.0,957000.0
0.0,0.0,959000.0
0.0,0.0,961000.0
0.0,0.0,963000.0
0.0,0.0,965000.0
0.0,0.0,967000.0
0.0,0.0,969000.0
0.0,0.0,971000.0
0.0,0.0,973000.0
0.0,0.0,975000.0
0.0,0.0,977000.0
0.0,0.0,979000.0
0.0,0.0,981000.0
0.0,0.0,983000.0
0.0,0.0,985000.0
0.0,0.0,987000.0
0.0,0.0,989000.0
0.0,0.0,991000.0
0.0,0.0,993000.0
0.0,0.0,995000.0
0.0,0.0,997000.0
0.0,0.0,999000.0
0.0,0.0,1001000.0
0.0,0.0,1003000.0
0.0,0.0,1005000.0
0.0,0.0,1007000.0
0.0,0.0,1009000.0
0.0,0.0,1011000.0
0.0,0.0,1013000.0
0.0,0.0,1015000.0
0.0,0.0,1017000.0
0.0,0.0,1019000.0
0.0,0.0,1021000.0
0.0,0.0,1023000.0
0.0,0.0,1025000.0
0.0,0.0,1027000.0
0.0,0.0,1029000.0
0.0,0.0,1031000.0
0.0,0.0,1033000.0
0.0,0.0,1035000.0
0.0,0.0,1037000.0
0.0,0.0,1039000.0
0.0,0.0,1041000.0
0.0,0.0,1043000.0
0.0,0.0,1045000.0
0.0,0.0,1047000.0
0.0,0.0,1049000.0
0.0,0.0,1051000.0
0.0,0.0,1053000.0
0.0,0.0,1055000.0
0.0,0.0,1057000.0
0.0,0.0,1059000.0
19.2,1.9200000000000002,1061000.0
0.0,0.0,1063000.0
0.0,0.0,1065000.0
0.0,0.0,1067000.0
0.0,0.0,1069000.0
0.0,0.0,1071000.0
0.0,0.0,1073000.0
0.0,0.0,1075000.0
0.0,0.0,1077000.0
0.0,0.0,1079000.0
0.0,0.0,1081000.0
0.0,0.0,1083000.0
0.0,0.0,1085000.0
0.0,0.0,1087000.0
0.0,0.0,1089000.0
0.0,0.0,1091000.0
0.0,0.0,1093000.0
0.0,0.0,1095000.0
0.0,0.0,1097000.0
0.0,0.0,1099000.0
0.0,0.0,1101000.0
0.0,0.0,1103000.0
0.0,0.0,1105000.0
0.0,0.0,1107000.0
0.0,0.0,1109000.0
0.0,0.0,1111000.0
0.0,0.0,1113000.0
0.0,0.0,1115000.0
0.0,0.0,1117000.0
0.0,0.0,1119000.0
0.0,0.0,1121000.0
0.0,0.0,1123000.0
0.0,0.0,1125000.0
0.0,0.0,1127000.0
0.0,0.0,1129000.0
0.0,0.0,1131000.0
0.0,0.0,1133000.0
0.0,0.0,1135000.0
0.0,0.0,1137000.0
0.0,0.0,1139000.0
0.0,0.0,1141000.0
0.0,0.0,1143000.0
0.0,0.0,1145000.0
0.0,0.0,1147000.0
0.0,0.0,1149000.0
0.0,0.0,1151000.0
0.0,0.0,1153000.0
0.0,0.0,1155000.0
0.0,0.0,1157000.0
0.0,0.0,1159000.0
0.0,0.0,1161000.0
0.0,0.0,1163000.0
0.0,0.0,1165000.0
0.0,0.0,1167000.0
0.0,0.0,1169000.0
0.0,0.0,1171000.0
0.0,0.0,1173000.0
0.0,0.0,1175000.0
0.0,0.0,1177000.0
0.0,0.0,1179000.0
0.0,0.0,1181000.0
0.0,0.0,1183000.0
0.0,0.0,1185000.0
0.0,0.0,1187000.0
0.0,0.0,1189000.0
0.0,0.0,1191000.0
0.0,0.0,1193000.0
0.0,0.0,1195000.0
0.0,0.0,1197000.0
0.0,0.0,1199000.0
0.0,0.0,1201000.0
0.0,0.0,1203000.0
0.0,0.0,1205000.0
0.0,0.0,1207000.0
0.0,0.0,1209000.0
0.0,0.0,1211000.0
0.0,0.0,1213000.0
0.0,0.0,1215000.0
0.0,0.0,1217000.0
0.0,0.0,1219000.0
0.0,0.0,1221000.0
0.0,0.0,1223000.0
0.0,0.0,1225000.0
0.0,0.0,1227000.0
0.0,0.0,1229000.0
0.0,0.0,1231000.0
0.0,0.0,1233000.0
0.0,0.0,1235000.0
0.0,0.0,1237000.0
0.0,0.0,1239000.0
0.0,0.0,1241000.0
0.0,0.0,1243000.0
0.0,0.0,1245000.0
0.0,0.0,1247000.0
0.0,0.0,1249000.0
0.0,0.0,1251000.0
0.0,0.0,1253000.0
0.0,0.0,1255000.0
0.0,0.0,1257000.0
0.0,0.0,1259000.0
0.0,0.0,1261000.0
0.0,0.0,1263000.0
0.0,0.0,1265000.0
0.0,0.0,1267000.0
0.0,0.0,1269000.0
0.0,0.0,1271000.0
0.0,0.0,1273000.0
0.0,0.0,1275000.0
0.0,0.0,1277000.0
0.0,0.0,1279000.0
0.0,0.0,1281000.0
0.0,0.0,1283000.0
0.0,0.0,1285000.0
0.0,0.0,1287000.0
0.0,0.0,1289000.0
0.0,0.0,1291000.0
0.0,0.0,1293000.0
0.0,0.0,1295000.0
0.0,0.0,1297000.0
0.0,0.0,1299000.0
0.0,0.0,1301000.0
0.0,0.0,1303000.0
0.0,0.0,1305000.0
0.0,0.0,1307000.0
0.0,0.0,1309000.0
0.0,0.0,1311000.0
0.0,0.0,1313000.0
0.0,0.0,1315000.0
0.0,0.0,1317000.0
0.0,0.0,1319000.0
0.0,0.0,1321000.0
0.0,0.0,1323000.0
0.0,0.0,1325000.0
0.0,0.0,1327000.0
0.0,0.0,1329000.0
0.0,0.0,1331000.0
0.0,0.0,1333000.0
0.0,0.0,1335000.0
0.0,0.0,1337000.0
0.0,0.0,1339000.0
0.0,0.0,1341000.0
0.0,0.0,1343000.0
0.0,0.0,1345000.0
0.0,0.0,1347000.0
0.0,0.0,1349000.0
0.0,0.0,1351000.0
0.0,0.0,1353000.0
0.0,0.0,1355000.0
0.0,0.0,1357000.0
0.0,0.0,1359000.0
0.0,0.0,1361000.0
0.0,0.0,1363000.0
0.0,0.0,1365000.0
0.0,0.0,1367000.0
0.0,0.0,1369000.0
0.0,0.0,1371000.0
0.0,0.0,1373000.0
0.0,0.0,1375000.0
0.0,0.0,1377000.0
0.0,0.0,1379000.0
0.0,0.0,1381000.0
0.0,0.0,1383000.0
0.0,0.0,1385000.0
0.0,0.0,1387000.0
0.0,0.0,1389000.0
0.0,0.0,1391000.0
0.0,0.0,1393000.0
0.0,0.0,1395000.0
0.0,0.0,1397000.0
0.0,0.0,1399000.0
0.0,0.0,1401000.0
0.0,0.0,1403000.0
0.0,0.0,1405000.0
0.0,0.0,1407000.0
0.0,0.0,1409000.0
0.0,0.0,1411000.0
0.0,0.0,1413000.0
0.0,0.0,1415000.0
0.0,0.0,1417000.0
0.0,0.0,1419000.0
0.0,0.0,1421000.0
0.0,0.0,1423000.0
0.0,0.0,1425000.0
0.0,0.0,1427000.0
0.0,0.0,1429000.0
0.0,0.0,1431000.0
0.0,0.0,1433000.0
0.0,0.0,1435000.0
0.0,0.0,1437000.0
0.0,0.0,1439000.0
0.0,0.0,1441000.0
0.0,0.0,1443000.0
0.0,0.0,1445000.0
0.0,0.0,1447000.0
0.0,0.0,1449000.0
0.0,0.0,1451000.0
0.0,0.0,1453000.0
0.0,0.0,1455000.0
0.0,0.0,1457000.0
0.0,0.0,1459000.0
0.0,0.0,1461000.0
0.0,0.0,1463000.0
0.0,0.0,1465000.0
0.0,0.0,1467000.0
0.0,0.0,1469000.0
0.0,0.0,1471000.0
0.0,0.0,1473000.0
0.0,0.0,1475000.0
0.0,0.0,1477000.0
0.0,0.0,1479000.0
0.0,0.0,1481000.0
0.0,0.0,1483000.0
0.0,0.0,1485000.0
0.0,0.0,1487000.0
0.0,0.0,1489000.0
0.0,0.0,1491000.0
0.0,0.0,1493000.0
0.0,0.0,1495000.0
0.0,0.0,1497000.0
0.0,0.0,1499000.0
0.0,0.0,1501000.0
0.0,0.0,1503000.0
0.0,0.0,1505000.0
0.0,0.0,1507000.0
0.0,0.0,1509000.0
0.0,0.0,1511000.0
0.0,0.0,1513000.0
0.0,0.0,1515000.0
0.0,0.0,1517000.0
0.0,0.0,1519000.0
0.0,0.0,1521000.0
0.0,0.0,1523000.0
0.0,0.0,1525000.0
0.0,0.0,1527000.0
0.0,0.0,1529000.0
0.0,0.0,1531000.0
0.0,0.0,1533000.0
0.0,0.0,1535000.0
0.0,0.0,1537000.0
0.0,0.0,1539000.0
0.0,0.0,1541000.0
0.0,0.0,1543000.0
0.0,0.0,1545000.0
0.0,0.0,1547000.0
0.0,0.0,1549000.0
0.0,0.0,1551000.0
0.0,0.0,1553000.0
0.0,0.0,1555000.0
0.0,0.0,1557000.0
0.0,0.0,1559000.0
0.0,0.0,1561000.0
0.0,0.0,1563000.0
0.0,0.0,1565000.0
0.0,0.0,1567000.0
0.0,0.0,1569000.0
0.0,0.0,1571000.0
0.0,0.0,1573000.0
0.0,0.0,1575000.0
0.0,0.0,1577000.0
0.0,0.0,1579000.0
0.0,0.0,1581000.0
0.0,0.0,1583000.0
0.0,0.0,1585000.0
0.0,0.0,1587000.0
0.0,0.0,1589000.0
0.0,0.0,1591000.0
0.0,0.0,1593000.0
0.0,0.0,1595000.0
0.0,0.0,1597000.0
0.0,0.0,1599000.0
0.0,0.0,1601000.0
0.0,0.0,1603000.0
0.0,0.0,1605000.0
0.0,0.0,1607000.0
0.0,0.0,1609000.0
0.0,0.0,1611000.0
0.0,0.0,1613000.0
0.0,0.0,1615000.0
0.0,0.0,1617000.0
0.0,0.0,1619000.0
0.0,0.0,1621000.0
0.0,0.0,1623000.0
0.0,0.0,1625000.0
0.0,0.0,1627000.0
0.0,0.0,1629000.0
0.0,0.0,1631000.0
0.0,0.0,1633000.0
0.0,0.0,1635000.0
0.0,0.0,1637000.0
0.0,0.0,1639000.0
0.0,0.0,1641000.0
0.0,0.0,1643000.0
0.0,0.0,1645000.0
0.0,0.0,1647000.0
0.0,0.0,1649000.0
0.0,0.0,1651000.0
0.0,0.0,1653000.0
0.0,0.0,1655000.0
0.0,0.0,1657000.0
0.0,0.0,1659000.0
0.0,0.0,1661000.0
0.0,0.0,1663000.0
0.0,0.0,1665000.0
0.0,0.0,1667000.0
0.0,0.0,1669000.0
0.0,0.0,1671000.0
0.0,0.0,1673000.0
0.0,0.0,1675000.0
0.0,0.0,1677000.0
0.0,0.0,1679000.0
0.0,0.0,1681000.0
0.0,0.0,1683000.0
0.0,0.0,1685000.0
0.0,0.0,1687000.0
0.0,0.0,1689000.0
0.0,0.0,1691000.0
0.0,0.0,1693000.0
0.0,0.0,1695000.0
0.0,0.0,1697000.0
0.0,0.0,1699000.0
0.0,0.0,1701000.0
0.0,0.0,1703000.0
0.0,0.0,1705000.0
0.0,0.0,1707000.0
0.0,0.0,1709000.0
0.0,0.0,1711000.0
0.0,0.0,1713000.0
0.0,0.0,1715000.0
0.0,0.0,1717000.0
0.0,0.0,1719000.0
0.0,0.0,1721000.0
0.0,0.0,1723000.0
0.0,0.0,1725000.0
0.0,0.0,1727000.0
0.0,0.0,1729000.0
0.0,0.0,1731000.0
0.0,0.0,1733000.0
0.0,0.0,1735000.0
0.0,0.0,1737000.0
0.0,0.0,1739000.0
0.0,0.0,1741000.0
0.0,0.0,1743000.0
0.0,0.0,1745000.0
0.0,0.0,1747000.0
0.0,0.0,1749000.0
0.0,0.0,1751000.0
0.0,0.0,1753000.0
0.0,0.0,1755000.0
0.0,0.0,1757000.0
0.0,0.0,1759000.0
0.0,0.0,1761000.0
0.0,0.0,1763000.0
0.0,0.0,1765000.0
0.0,0.0,1767000.0
0.0,0.0,1769000.0
0.0,0.0,1771000.0
0.0,0.0,1773000.0
0.0,0.0,1775000.0
0.0,0.0,1777000.0
0.0,0.0,1779000.0
0.0,0.0,1781000.0
0.0,0.0,1783000.0
0.0,0.0,1785000.0
0.0,0.0,1787000.0
0.0,0.0,1789000.0
0.0,0.0,1791000.0
0.0,0.0,1793000.0
0.0,0.0,1795000.0
0.0,0.0,1797000.0
0.0,0.0,1799000.0
0.0,0.0,1801000.0
0.0,0.0,1803000.0
0.0,0.0,1805000.0
0.0,0.0,1807000.0
0.0,0.0,1809000.0
0.0,0.0,1811000.0
0.0,0.0,1813000.0
0.0,0.0,1815000.0
0.0,0.0,1817000.0
0.0,0.0,1819000.0
0.0,0.0,1821000.0
0.0,0.0,1823000.0
0.0,0.0,1825000.0
0.0,0.0,1827000.0
0.0,0.0,1829000.0
0.0,0.0,1831000.0
0.0,0.0,1833000.0
0.0,0.0,1835000.0
0.0,0.0,1837000.0
0.0,0.0,1839000.0
0.0,0.0,1841000.0
0.0,0.0,1843000.0
0.0,0.0,1845000.0
0.0,0.0,1847000.0
0.0,0.0,1849000.0
0.0,0.0,1851000.0
0.0,0.0,1853000.0
0.0,0.0,1855000.0
0.0,0.0,1857000.0
0.0,0.0,1859000.0
0.0,0.0,1861000.0
0.0,0.0,1863000.0
0.0,0.0,1865000.0
0.0,0.0,1867000.0
0.0,0.0,1869000.0
0.0,0.0,1871000.0
0.0,0.0,1873000.0
0.0,0.0,1875000.0
0.0,0.0,1877000.0
0.0,0.0,1879000.0
0.0,0.0,1881000.0
0.0,0.0,1883000.0
0.0,0.0,1885000.0
0.0,0.0,1887000.0
0.0,0.0,1889000.0
0.0,0.0,1891000.0
0.0,0.0,1893000.0
0.0,0.0,1895000.0
0.0,0.0,1897000.0
0.0,0.0,1899000.0
0.0,0.0,1901000.0
0.0,0.0,1903000.0
0.0,0.0,1905000.0
0.0,0.0,1907000.0
0.0,0.0,1909000.0
0.0,0.0,1911000.0
0.0,0.0,1913000.0
0.0,0.0,1915000.0
0.0,0.0,1917000.0
0.0,0.0,1919000.0
0.0,0.0,1921000.0
0.0,0.0,1923000.0
0.0,0.0,1925000.0
0.0,0.0,1927000.0
0.0,0.0,1929000.0
0.0,0.0,1931000.0
0.0,0.0,1933000.0
0.0,0.0,1935000.0
0.0,0.0,1937000.0
0.0,0.0,1939000.0
0.0,0.0,1941000.0
0.0,0.0,1943000.0
0.0,0.0,1945000.0
0.0,0.0,1947000.0
0.0,0.0,1949000.0
0.0,0.0,1951000.0
0.0,0.0,1953000.0
0.0,0.0,1955000.0
0.0,0.0,1957000.0
0.0,0.0,1959000.0
0.0,0.0,1961000.0
0.0,0.0,1963000.0
0.0,0.0,1965000.0
0.0,0.0,1967000.0
0.0,0.0,1969000.0
0.0,0.0,1971000.0
0.0,0.0,1973000.0
0.0,0.0,1975000.0
0.0,0.0,1977000.0
0.0,0.0,1979000.0
0.0,0.0,1981000.0
0.0,0.0,1983000.0
0.0,0.0,1985000.0
0.0,0.0,1987000.0
0.0,0.0,1989000.0
0.0,0.0,1991000.0
0.0,0.0,1993000.0
0.0,0.0,1995000.0
0.0,0.0,1997000.0
0.0,0.0,1999000.0
0.0,0.0,2001000.0
0.0,0.0,2003000.0
0.0,0.0,2005000.0
0.0,0.0,2007000.0
0.0,0.0,2009000.0
0.0,0.0,2011000.0
0.0,0.0,2013000.0
0.0,0.0,2015000.0
0.0,0.0,2017000.0
0.0,0.0,2019000.0
0.0,0.0,2021000.0
0.0,0.0,2023000.0
0.0,0.0,2025000.0
0.0,0.0,2027000.0
0.0,0.0,2029000.0
0.0,0.0,2031000.0
0.0,0.0,2033000.0
0.0,0.0,2035000.0
0.0,0.0,2037000.0
0.0,0.0,2039000.0
0.0,0.0,2041000.0
0.0,0.0,2043000.0
0.0,0.0,2045000.0
0.0,0.0,2047000.0
0.0,0.0,2049000.0
0.0,0.0,2051000.0
0.0,0.0,2053000.0
0.0,0.0,2055000.0
0.0,0.0,2057000.0
0.0,0.0,2059000.0
0.0,0.0,2061000.0
0.0,0.0,2063000.0
0.0,0.0,2065000.0
0.0,0.0,2067000.0
0.0,0.0,2069000.0
0.0,0.0,2071000.0
0.0,0.0,2073000.0
0.0,0.0,2075000.0
0.0,0.0,2077000.0
0.0,0.0,2079000.0
0.0,0.0,2081000.0
0.0,0.0,2083000.0
0.0,0.0,2085000.0
0.0,0.0,2087000.0
0.0,0.0,2089000.0
0.0,0.0,2091000.0
0.0,0.0,2093000.0
0.0,0.0,2095000.0
0.0,0.0,2097000.0
0.0,0.0,2099000.0
0.0,0.0,2101000.0
0.0,0.0,2103000.0
0.0,0.0,2105000.0
0.0,0.0,2107000.0
0.0,0.0,2109000.0
0.0,0.0,2111000.0
0.0,0.0,2113000.0
0.0,0.0,2115000.0
0.0,0.0,2117000.0
0.0,0.0,2119000.0
0.0,0.0,2121000.0
0.0,0.0,2123000.0
0.0,0.0,2125000.0
0.0,0.0,2127000.0
0.0,0.0,2129000.0
0.0,0.0,2131000.0
0.0,0.0,2133000.0
0.0,0.0,2135000.0
0.0,0.0,2137000.0
0.0,0.0,2139000.0
0.0,0.0,2141000.0
0.0,0.0,2143000.0
0.0,0.0,2145000.0
0.0,0.0,2147000.0
0.0,0.0,2149000.0
0.0,0.0,2151000.0
0.0,0.0,2153000.0
0.0,0.0,2155000.0
0.0,0.0,2157000.0
0.0,0.0,2159000.0
0.0,0.0,2161000.0
0.0,0.0,2163000.0
0.0,0.0,2165000.0
0.0,0.0,2167000.0
0.0,0.0,2169000.0
0.0,0.0,2171000.0
0.0,0.0,2173000.0
0.0,0.0,2175000.0
0.0,0.0,2177000.0
0.0,0.0,2179000.0
0.0,0.0,2181000.0
0.0,0.0,2183000.0
0.0,0.0,2185000.0
0.0,0.0,2187000.0
0.0,0.0,2189000.0
0.0,0.0,2191000.0
0.0,0.0,2193000.0
0.0,0.0,2195000.0
0.0,0.0,2197000.0
0.0,0.0,2199000.0
0.0,0.0,2201000.0
0.0,0.0,2203000.0
0.0,0.0,2205000.0
0.0,0.0,2207000.0
0.0,0.0,2209000.0
0.0,0.0,2211000.0
0.0,0.0,2213000.0
0.0,0.0,2215000.0
0.0,0.0,2217000.0
0.0,0.0,2219000.0
0.0,0.0,2221000.0
0.0,0.0,2223000.0
0.0,0.0,2225000.0
0.0,0.0,2227000.0
0.0,0.0,2229000.0
0.0,0.0,2231000.0
0.0,0.0,2233000.0
0.0,0.0,2235000.0
0.0,0.0,2237000.0
0.0,0.0,2239000.0
0.0,0.0,2241000.0
0.0,0.0,2243000.0
0.0,0.0,2245000.0
0.0,0.0,2247000.0
0.0,0.0,2249000.0
0.0,0.0,2251000.0
0.0,0.0,2253000.0
0.0,0.0,2255000.0
0.0,0.0,2257000.0
0.0,0.0,2259000.0
0.0,0.0,2261000.0
0.0,0.0,2263000.0
0.0,0.0,2265000.0
0.0,0.0,2267000.0
0.0,0.0,2269000.0
0.0,0.0,2271000.0
0.0,0.0,2273000.0
0.0,0.0,2275000.0
0.0,0.0,2277000.0
0.0,0.0,2279000.0
0.0,0.0,2281000.0
0.0,0.0,2283000.0
0.0,0.0,2285000.0
0.0,0.0,2287000.0
0.0,0.0,2289000.0
0.0,0.0,2291000.0
0.0,0.0,2293000.0
0.0,0.0,2295000.0
0.0,0.0,2297000.0
0.0,0.0,2299000.0
0.0,0.0,2301000.0
0.0,0.0,2303000.0
0.0,0.0,2305000.0
0.0,0.0,2307000.0
0.0,0.0,2309000.0
0.0,0.0,2311000.0
0.0,0.0,2313000.0
0.0,0.0,2315000.0
0.0,0.0,2317000.0
0.0,0.0,2319000.0
0.0,0.0,2321000.0
0.0,0.0,2323000.0
0.0,0.0,2325000.0
0.0,0.0,2327000.0
0.0,0.0,2329000.0
0.0,0.0,2331000.0
0.0,0.0,2333000.0
0.0,0.0,2335000.0
0.0,0.0,2337000.0
0.0,0.0,2339000.0
0.0,0.0,2341000.0
0.0,0.0,2343000.0
0.0,0.0,2345000.0
0.0,0.0,2347000.0
0.0,0.0,2349000.0
0.0,0.0,2351000.0
0.0,0.0,2353000.0
0.0,0.0,2355000.0
0.0,0.0,2357000.0
0.0,0.0,2359000.0
0.0,0.0,2361000.0
0.0,0.0,2363000.0
0.0,0.0,2365000.0
0.0,0.0,2367000.0
0.0,0.0,2369000.0
0.0,0.0,2371000.0
0.0,0.0,2373000.0
0.0,0.0,2375000.0
0.0,0.0,2377000.0
0.0,0.0,2379000.0
0.0,0.0,2381000.0
0.0,0.0,2383000.0
0.0,0.0,2385000.0
0.0,0.0,2387000.0
0.0,0.0,2389000.0
0.0,0.0,2391000.0
0.0,0.0,2393000.0
0.0,0.0,2395000.0
0.0,0.0,2397000.0
0.0,0.0,2399000.0
0.0,0.0,2401000.0
0.0,0.0,2403000.0
0.0,0.0,2405000.0
0.0,0.0,2407000.0
0.0,0.0,2409000.0
0.0,0.0,2411000.0
0.0,0.0,2413000.0
0.0,0.0,2415000.0
0.0,0.0,2417000.0
0.0,0.0,2419000.0
0.0,0.0,2421000.0
0.0,0.0,2423000.0
0.0,0.0,2425000.0
0.0,0.0,2427000.0
0.0,0.0,2429000.0
0.0,0.0,2431000.0
0.0,0.0,2433000.0
0.0,0.0,2435000.0
0.0,0.0,2437000.0
0.0,0.0,2439000.0
0.0,0.0,2441000.0
0.0,0.0,2443000.0
0.0,0.0,2445000.0
0.0,0.0,2447000.0
0.0,0.0,2449000.0
0.0,0.0,2451000.0
0.0,0.0,2453000.0
0.0,0.0,2455000.0
0.0,0.0,2457000.0
0.0,0.0,2459000.0
0.0,0.0,2461000.0
0.0,0.0,2463000.0
0.0,0.0,2465000.0
0.0,0.0,2467000.0
0.0,0.0,2469000.0
0.0,0.0,2471000.0
0.0,0.0,2473000.0
0.0,0.0,2475000.0
0.0,0.0,2477000.0
0.0,0.0,2479000.0
0.0,0.0,2481000.0
0.0,0.0,2483000.0
0.0,0.0,2485000.0
0.0,0.0,2487000.0
0.0,0.0,2489000.0
0.0,0.0,2491000.0
0.0,0.0,2493000.0
0.0,0.0,2495000.0
0.0,0.0,2497000.0
0.0,0.0,2499000.0
0.0,0.0,2501000.0
0.0,0.0,2503000.0
0.0,0.0,2505000.0
0.0,0.0,2507000.0
0.0,0.0,2509000.0
0.0,0.0,2511000.0
0.0,0.0,2513000.0
0.0,0.0,2515000.0
0.0,0.0,2517000.0
0.0,0.0,2519000.0
0.0,0.0,2521000.0
0.0,0.0,2523000.0
0.0,0.0,2525000.0
0.0,0.0,2527000.0
0.0,0.0,2529000.0
0.0,0.0,2531000.0
0.0,0.0,2533000.0
0.0,0.0,2535000.0
0.0,0.0,2537000.0
0.0,0.0,2539000.0
0.0,0.0,2541000.0
0.0,0.0,2543000.0
0.0,0.0,2545000.0
0.0,0.0,2547000.0
0.0,0.0,2549000.0
0.0,0.0,2551000.0
0.0,0.0,2553000.0
0.0,0.0,2555000.0
0.0,0.0,2557000.0
0.0,0.0,2559000.0
0.0,0.0,2561000.0
0.0,0.0,2563000.0
0.0,0.0,2565000.0
0.0,0.0,2567000.0
0.0,0.0,2569000.0
0.0,0.0,2571000.0
0.0,0.0,2573000.0
0.0,0.0,2575000.0
0.0,0.0,2577000.0
0.0,0.0,2579000.0
0.0,0.0,2581000.0
0.0,0.0,2583000.0
0.0,0.0,2585000.0
0.0,0.0,2587000.0
0.0,0.0,2589000.0
0.0,0.0,2591000.0
0.0,0.0,2593000.0
0.0,0.0,2595000.0
0.0,0.0,2597000.0
0.0,0.0,2599000.0
0.0,0.0,2601000.0
0.0,0.0,2603000.0
0.0,0.0,2605000.0
0.0,0.0,2607000.0
0.0,0.0,2609000.0
0.0,0.0,2611000.0
0.0,0.0,2613000.0
0.0,0.0,2615000.0
0.0,0.0,2617000.0
0.0,0.0,2619000.0
0.0,0.0,2621000.0
0.0,0.0,2623000.0
0.0,0.0,2625000.0
0.0,0.0,2627000.0
0.0,0.0,2629000.0
0.0,0.0,2631000.0
0.0,0.0,2633000.0
0.0,0.0,2635000.0
0.0,0.0,2637000.0
0.0,0.0,2639000.0
0.0,0.0,2641000.0
0.0,0.0,2643000.0
0.0,0.0,2645000.0
0.0,0.0,2647000.0
0.0,0.0,2649000.0
0.0,0.0,2651000.0
0.0,0.0,2653000.0
0.0,0.0,2655000.0
0.0,0.0,2657000.0
0.0,0.0,2659000.0
0.0,0.0,2661000.0
0.0,0.0,2663000.0
0.0,0.0,2665000.0
0.0,0.0,2667000.0
0.0,0.0,2669000.0
0.0,0.0,2671000.0
0.0,0.0,2673000.0
0.0,0.0,2675000.0
0.0,0.0,2677000.0
0.0,0.0,2679000.0
0.0,0.0,2681000.0
0.0,0.0,2683000.0
0.0,0.0,2685000.0
0.0,0.0,2687000.0
0.0,0.0,2689000.0
0.0,0.0,2691000.0
0.0,0.0,2693000.0
0.0,0.0,2695000.0
0.0,0.0,2697000.0
0.0,0.0,2699000.0
0.0,0.0,2701000.0
0.0,0.0,2703000.0
0.0,0.0,2705000.0
0.0,0.0,2707000.0
0.0,0.0,2709000.0
0.0,0.0,2711000.0
0.0,0.0,2713000.0
0.0,0.0,2715000.0
0.0,0.0,2717000.0
0.0,0.0,2719000.0
0.0,0.0,2721000.0
0.0,0.0,2723000.0
0.0,0.0,2725000.0
0.0,0.0,2727000.0
0.0,0.0,2729000.0
0.0,0.0,2731000.0
0.0,0.0,2733000.0
0.0,0.0,2735000.0
0.0,0.0,2737000.0
0.0,0.0,2739000.0
0.0,0.0,2741000.0
0.0,0.0,2743000.0
0.0,0.0,2745000.0
0.0,0.0,2747000.0
0.0,0.0,2749000.0
0.0,0.0,2751000.0
0.0,0.0,2753000.0
0.0,0.0,2755000.0
0.0,0.0,2757000.0
0.0,0.0,2759000.0
0.0,0.0,2761000.0
0.0,0.0,2763000.0
0.0,0.0,2765000.0
0.0,0.0,2767000.0
0.0,0.0,2769000.0
0.0,0.0,2771000.0
0.0,0.0,2773000.0
0.0,0.0,2775000.0
0.0,0.0,2777000.0
0.0,0.0,2779000.0
0.0,0.0,2781000.0
0.0,0.0,2783000.0
0.0,0.0,2785000.0
0.0,0.0,2787000.0
0.0,0.0,2789000.0
0.0,0.0,2791000.0
0.0,0.0,2793000.0
0.0,0.0,2795000.0
0.0,0.0,2797000.0
0.0,0.0,2799000.0
0.0,0.0,2801000.0
0.0,0.0,2803000.0
0.0,0.0,2805000.0
0.0,0.0,2807000.0
0.0,0.0,2809000.0
0.0,0.0,2811000.0
0.0,0.0,2813000.0
0.0,0.0,2815000.0
0.0,0.0,2817000.0
0.0,0.0,2819000.0
0.0,0.0,2821000.0
0.0,0.0,2823000.0
0.0,0.0,2825000.0
0.0,0.0,2827000.0
0.0,0.0,2829000.0
0.0,0.0,2831000.0
0.0,0.0,2833000.0
0.0,0.0,2835000.0
0.0,0.0,2837000.0
0.0,0.0,2839000.0
0.0,0.0,2841000.0
0.0,0.0,2843000.0
0.0,0.0,2845000.0
0.0,0.0,2847000.0
0.0,0.0,2849000.0
0.0,0.0,2851000.0
0.0,0.0,2853000.0
0.0,0.0,2855000.0
0.0,0.0,2857000.0
0.0,0.0,2859000.0
0.0,0.0,2861000.0
0.0,0.0,2863000.0
0.0,0.0,2865000.0
0.0,0.0,2867000.0
0.0,0.0,2869000.0
0.0,0.0,2871000.0
0.0,0.0,2873000.0
0.0,0.0,2875000.0
0.0,0.0,2877000.0
0.0,0.0,2879000.0
0.0,0.0,2881000.0
0.0,0.0,2883000.0
0.0,0.0,2885000.0
0.0,0.0,2887000.0
0.0,0.0,2889000.0
0.0,0.0,2891000.0
0.0,0.0,2893000.0
0.0,0.0,2895000.0
0.0,0.0,2897000.0
0.0,0.0,2899000.0
0.0,0.0,2901000.0
0.0,0.0,2903000.0
0.0,0.0,2905000.0
0.0,0.0,2907000.0
0.0,0.0,2909000.0
0.0,0.0,2911000.0
0.0,0.0,2913000.0
0.0,0.0,2915000.0
0.0,0.0,2917000.0
0.0,0.0,2919000.0
0.0,0.0,2921000.0
0.0,0.0,2923000.0
0.0,0.0,2925000.0
0.0,0.0,2927000.0
0.0,0.0,2929000.0
0.0,0.0,2931000.0
0.0,0.0,2933000.0
0.0,0.0,2935000.0
0.0,0.0,2937000.0
0.0,0.0,2939000.0
0.0,0.0,2941000.0
0.0,0.0,2943000.0
0.0,0.0,2945000.0
0.0,0.0,2947000.0
0.0,0.0,2949000.0
0.0,0.0,2951000.0
0.0,0.0,2953000.0
0.0,0.0,2955000.0
0.0,0.0,2957000.0
0.0,0.0,2959000.0
0.0,0.0,2961000.0
0.0,0.0,2963000.0
0.0,0.0,2965000.0
0.0,0.0,2967000.0
0.0,0.0,2969000.0
0.0,0.0,2971000.0
0.0,0.0,2973000.0
0.0,0.0,2975000.0
0.0,0.0,2977000.0
0.0,0.0,2979000.0
0.0,0.0,2981000.0
0.0,0.0,2983000.0
0.0,0.0,2985000.0
0.0,0.0,2987000.0
0.0,0.0,2989000.0
0.0,0.0,2991000.0
0.0,0.0,2993000.0
0.0,0.0,2995000.0
0.0,0.0,2997000.0
0.0,0.0,2999000.0
0.0,0.0,3001000.0
0.0,0.0,3003000.0
0.0,0.0,3005000.0
0.0,0.0,3007000.0
0.0,0.0,3009000.0
0.0,0.0,3011000.0
0.0,0.0,3013000.0
0.0,0.0,3015000.0
0.0,0.0,3017000.0
0.0,0.0,3019000.0
0.0,0.0,3021000.0
0.0,0.0,3023000.0
0.0,0.0,3025000.0
0.0,0.0,3027000.0
0.0,0.0,3029000.0
0.0,0.0,3031000.0
0.0,0.0,3033000.0
0.0,0.0,3035000.0
0.0,0.0,3037000.0
0.0,0.0,3039000.0
0.0,0.0,3041000.0
0.0,0.0,3043000.0
0.0,0.0,3045000.0
0.0,0.0,3047000.0
0.0,0.0,3049000.0
0.0,0.0,3051000.0
0.0,0.0,3053000.0
0.0,0.0,3055000.0
0.0,0.0,3057000.0
0.0,0.0,3059000.0
0.0,0.0,3061000.0
0.0,0.0,3063000.0
0.0,0.0,3065000.0
0.0,0.0,3067000.0
0.0,0.0,3069000.0
0.0,0.0,3071000.0
0.0,0.0,3073000.0
0.0,0.0,3075000.0
0.0,0.0,3077000.0
0.0,0.0,3079000.0
0.0,0.0,3081000.0
0.0,0.0,3083000.0
0.0,0.0,3085000.0
0.0,0.0,3087000.0
0.0,0.0,3089000.0
0.0,0.0,3091000.0
0.0,0.0,3093000.0
0.0,0.0,3095000.0
0.0,0.0,3097000.0
0.0,0.0,3099000.0
0.0,0.0,3101000.0
0.0,0.0,3103000.0
0.0,0.0,3105000.0
0.0,0.0,3107000.0
0.0,0.0,3109000.0
0.0,0.0,3111000.0
0.0,0.0,3113000.0
0.0,0.0,3115000.0
0.0,0.0,3117000.0
0.0,0.0,3119000.0
0.0,0.0,3121000.0
0.0,0.0,3123000.0
0.0,0.0,3125000.0
0.0,0.0,3127000.0
0.0,0.0,3129000.0
0.0,0.0,3131000.0
0.0,0.0,3133000.0
0.0,0.0,3135000.0
0.0,0.0,3137000.0
0.0,0.0,3139000.0
0.0,0.0,3141000.0
0.0,0.0,3143000.0
0.0,0.0,3145000.0
0.0,0.0,3147000.0
0.0,0.0,3149000.0
0.0,0.0,3151000.0
0.0,0.0,3153000.0
0.0,0.0,3155000.0
0.0,0.0,3157000.0
0.0,0.0,3159000.0
0.0,0.0,3161000.0
0.0,0.0,3163000.0
0.0,0.0,3165000.0
0.0,0.0,3167000.0
0.0,0.0,3169000.0
0.0,0.0,3171000.0
0.0,0.0,3173000.0
0.0,0.0,3175000.0
0.0,0.0,3177000.0
0.0,0.0,3179000.0
0.0,0.0,3181000.0
0.0,0.0,3183000.0
0.0,0.0,3185000.0
0.0,0.0,3187000.0
0.0,0.0,3189000.0
0.0,0.0,3191000.0
0.0,0.0,3193000.0
0.0,0.0,3195000.0
0.0,0.0,3197000.0
0.0,0.0,3199000.0
0.0,0.0,3201000.0
0.0,0.0,3203000.0
0.0,0.0,3205000.0
0.0,0.0,3207000.0
0.0,0.0,3209000.0
0.0,0.0,3211000.0
0.0,0.0,3213000.0
0.0,0.0,3215000.0
0.0,0.0,3217000.0
0.0,0.0,3219000.0
0.0,0.0,3221000.0
0.0,0.0,3223000.0
0.0,0.0,3225000.0
0.0,0.0,3227000.0
0.0,0.0,3229000.0
0.0,0.0,3231000.0
0.0,0.0,3233000.0
0.0,0.0,3235000.0
0.0,0.0,3237000.0
0.0,0.0,3239000.0
0.0,0.0,3241000.0
0.0,0.0,3243000.0
0.0,0.0,3245000.0
0.0,0.0,3247000.0
0.0,0.0,3249000.0
0.0,0.0,3251000.0
0.0,0.0,3253000.0
0.0,0.0,3255000.0
0.0,0.0,3257000.0
0.0,0.0,3259000.0
0.0,0.0,3261000.0
0.0,0.0,3263000.0
0.0,0.0,3265000.0
0.0,0.0,3267000.0
0.0,0.0,3269000.0
0.0,0.0,3271000.0
0.0,0.0,3273000.0
0.0,0.0,3275000.0
0.0,0.0,3277000.0
0.0,0.0,3279000.0
0.0,0.0,3281000.0
0.0,0.0,3283000.0
0.0,0.0,3285000.0
0.0,0.0,3287000.0
0.0,0.0,3289000.0
0.0,0.0,3291000.0
0.0,0.0,3293000.0
0.0,0.0,3295000.0
0.0,0.0,3297000.0
0.0,0.0,3299000.0
0.0,0.0,3301000.0
0.0,0.0,3303000.0
0.0,0.0,3305000.0
0.0,0.0,3307000.0
0.0,0.0,3309000.0
0.0,0.0,3311000.0
0.0,0.0,3313000.0
0.0,0.0,3315000.0
0.0,0.0,3317000.0
0.0,0.0,3319000.0
0.0,0.0,3321000.0
0.0,0.0,3323000.0
0.0,0.0,3325000.0
0.0,0.0,3327000.0
0.0,0.0,3329000.0
0.0,0.0,3331000.0
0.0,0.0,3333000.0
0.0,0.0,3335000.0
0.0,0.0,3337000.0
0.0,0.0,3339000.0
0.0,0.0,3341000.0
0.0,0.0,3343000.0
0.0,0.0,3345000.0
0.0,0.0,3347000.0
0.0,0.0,3349000.0
0.0,0.0,3351000.0
0.0,0.0,3353000.0
0.0,0.0,3355000.0
0.0,0.0,3357000.0
0.0,0.0,3359000.0
0.0,0.0,3361000.0
0.0,0.0,3363000.0
0.0,0.0,3365000.0
0.0,0.0,3367000.0
0.0,0.0,3369000.0
0.0,0.0,3371000.0
0.0,0.0,3373000.0
0.0,0.0,3375000.0
0.0,0.0,3377000.0
0.0,0.0,3379000.0
0.0,0.0,3381000.0
0.0,0.0,3383000.0
0.0,0.0,3385000.0
0.0,0.0,3387000.0
0.0,0.0,3389000.0
0.0,0.0,3391000.0
0.0,0.0,3393000.0
0.0,0.0,3395000.0
0.0,0.0,3397000.0
0.0,0.0,3399000.0
0.0,0.0,3401000.0
0.0,0.0,3403000.0
0.0,0.0,3405000.0
0.0,0.0,3407000.0
0.0,0.0,3409000.0
0.0,0.0,3411000.0
0.0,0.0,3413000.0
0.0,0.0,3415000.0
0.0,0.0,3417000.0
0.0,0.0,3419000.0
0.0,0.0,3421000.0
0.0,0.0,3423000.0
0.0,0.0,3425000.0
0.0,0.0,3427000.0
0.0,0.0,3429000.0
0.0,0.0,3431000.0
0.0,0.0,3433000.0
0.0,0.0,3435000.0
0.0,0.0,3437000.0
0.0,0.0,3439000.0
0.0,0.0,3441000.0
0.0,0.0,3443000.0
0.0,0.0,3445000.0
0.0,0.0,3447000.0
0.0,0.0,3449000.0
0.0,0.0,3451000.0
0.0,0.0,3453000.0
0.0,0.0,3455000.0
0.0,0.0,3457000.0
0.0,0.0,3459000.0
0.0,0.0,3461000.0
0.0,0.0,3463000.0
0.0,0.0,3465000.0
0.0,0.0,3467000.0
0.0,0.0,3469000.0
0.0,0.0,3471000.0
0.0,0.0,3473000.0
0.0,0.0,3475000.0
0.0,0.0,3477000.0
0.0,0.0,3479000.0
0.0,0.0,3481000.0
0.0,0.0,3483000.0
0.0,0.0,3485000.0
0.0,0.0,3487000.0
0.0,0.0,3489000.0
0.0,0.0,3491000.0
0.0,0.0,3493000.0
0.0,0.0,3495000.0
0.0,0.0,3497000.0
0.0,0.0,3499000.0
0.0,0.0,3501000.0
0.0,0.0,3503000.0
0.0,0.0,3505000.0
0.0,0.0,3507000.0
0.0,0.0,3509000.0
0.0,0.0,3511000.0
0.0,0.0,3513000.0
0.0,0.0,3515000.0
0.0,0.0,3517000.0
0.0,0.0,3519000.0
0.0,0.0,3521000.0
0.0,0.0,3523000.0
0.0,0.0,3525000.0
0.0,0.0,3527000.0
0.0,0.0,3529000.0
0.0,0.0,3531000.0
0.0,0.0,3533000.0
0.0,0.0,3535000.0
0.0,0.0,3537000.0
0.0,0.0,3539000.0
0.0,0.0,3541000.0
0.0,0.0,3543000.0
0.0,0.0,3545000.0
0.0,0.0,3547000.0
0.0,0.0,3549000.0
0.0,0.0,3551000.0
0.0,0.0,3553000.0
0.0,0.0,3555000.0
0.0,0.0,3557000.0
0.0,0.0,3559000.0
0.0,0.0,3561000.0
0.0,0.0,3563000.0
0.0,0.0,3565000.0
0.0,0.0,3567000.0
0.0,0.0,3569000.0
0.0,0.0,3571000.0
0.0,0.0,3573000.0
0.0,0.0,3575000.0
0.0,0.0,3577000.0
0.0,0.0,3579000.0
0.0,0.0,3581000.0
0.0,0.0,3583000.0
0.0,0.0,3585000.0
0.0,0.0,3587000.0
0.0,0.0,3589000.0
0.0,0.0,3591000.0
0.0,0.0,3593000.0
0.0,0.0,3595000.0
0.0,0.0,3597000.0
0.0,0.0,3599000.0
0.0,0.0,3601000.0
0.0,0.0,3603000.0
0.0,0.0,3605000.0
0.0,0.0,3607000.0
0.0,0.0,3609000.0
0.0,0.0,3611000.0
0.0,0.0,3613000.0
0.0,0.0,3615000.0
0.0,0.0,3617000.0
0.0,0.0,3619000.0
0.0,0.0,3621000.0
0.0,0.0,3623000.0
0.0,0.0,3625000.0
0.0,0.0,3627000.0
0.0,0.0,3629000.0
0.0,0.0,3631000.0
0.0,0.0,3633000.0
0.0,0.0,3635000.0
0.0,0.0,3637000.0
0.0,0.0,3639000.0
0.0,0.0,3641000.0
0.0,0.0,3643000.0
0.0,0.0,3645000.0
0.0,0.0,3647000.0
0.0,0.0,3649000.0
0.0,0.0,3651000.0
0.0,0.0,3653000.0
0.0,0.0,3655000.0
0.0,0.0,3657000.0
0.0,0.0,3659000.0
0.0,0.0,3661000.0
0.0,0.0,3663000.0
0.0,0.0,3665000.0
0.0,0.0,3667000.0
0.0,0.0,3669000.0
0.0,0.0,3671000.0
0.0,0.0,3673000.0
0.0,0.0,3675000.0
0.0,0.0,3677000.0
0.0,0.0,3679000.0
0.0,0.0,3681000.0
0.0,0.0,3683000.0
0.0,0.0,3685000.0
0.0,0.0,3687000.0
0.0,0.0,3689000.0
0.0,0.0,3691000.0
0.0,0.0,3693000.0
0.0,0.0,3695000.0
0.0,0.0,3697000.0
0.0,0.0,3699000.0
0.0,0.0,3701000.0
0.0,0.0,3703000.0
0.0,0.0,3705000.0
0.0,0.0,3707000.0
0.0,0.0,3709000.0
0.0,0.0,3711000.0
0.0,0.0,3713000.0
0.0,0.0,3715000.0
0.0,0.0,3717000.0
0.0,0.0,3719000.0
0.0,0.0,3721000.0
0.0,0.0,3723000.0
0.0,0.0,3725000.0
0.0,0.0,3727000.0
0.0,0.0,3729000.0
0.0,0.0,3731000.0
0.0,0.0,3733000.0
0.0,0.0,3735000.0
0.0,0.0,3737000.0
0.0,0.0,3739000.0
0.0,0.0,3741000.0
0.0,0.0,3743000.0
0.0,0.0,3745000.0
0.0,0.0,3747000.0
0.0,0.0,3749000.0
0.0,0.0,3751000.0
0.0,0.0,3753000.0
0.0,0.0,3755000.0
0.0,0.0,3757000.0
0.0,0.0,3759000.0
0.0,0.0,3761000.0
0.0,0.0,3763000.0
0.0,0.0,3765000.0
0.0,0.0,3767000.0
0.0,0.0,3769000.0
0.0,0.0,3771000.0
0.0,0.0,3773000.0
0.0,0.0,3775000.0
0.0,0.0,3777000.0
0.0,0.0,3779000.0
0.0,0.0,3781000.0
0.0,0.0,3783000.0
0.0,0.0,3785000.0
0.0,0.0,3787000.0
0.0,0.0,3789000.0
0.0,0.0,3791000.0
0.0,0.0,3793000.0
0.0,0.0,3795000.0
0.0,0.0,3797000.0
0.0,0.0,3799000.0
0.0,0.0,3801000.0
0.0,0.0,3803000.0
0.0,0.0,3805000.0
0.0,0.0,3807000.0
0.0,0.0,3809000.0
0.0,0.0,3811000.0
0.0,0.0,3813000.0
0.0,0.0,3815000.0
0.0,0.0,3817000.0
0.0,0.0,3819000.0
0.0,0.0,3821000.0
0.0,0.0,3823000.0
0.0,0.0,3825000.0
0.0,0.0,3827000.0
0.0,0.0,3829000.0
0.0,0.0,3831000.0
0.0,0.0,3833000.0
0.0,0.0,3835000.0
0.0,0.0,3837000.0
0.0,0.0,3839000.0
0.0,0.0,3841000.0
0.0,0.0,3843000.0
0.0,0.0,3845000.0
0.0,0.0,3847000.0
0.0,0.0,3849000.0
0.0,0.0,3851000.0
0.0,0.0,3853000.0
0.0,0.0,3855000.0
0.0,0.0,3857000.0
0.0,0.0,3859000.0
0.0,0.0,3861000.0
0.0,0.0,3863000.0
0.0,0.0,3865000.0
0.0,0.0,3867000.0
0.0,0.0,3869000.0
0.0,0.0,3871000.0
0.0,0.0,3873000.0
0.0,0.0,3875000.0
0.0,0.0,3877000.0
0.0,0.0,3879000.0
0.0,0.0,3881000.0
0.0,0.0,3883000.0
0.0,0.0,3885000.0
0.0,0.0,3887000.0
0.0,0.0,3889000.0
0.0,0.0,3891000.0
0.0,0.0,3893000.0
0.0,0.0,3895000.0
0.0,0.0,3897000.0
0.0,0.0,3899000.0
0.0,0.0,3901000.0
0.0,0.0,3903000.0
0.0,0.0,3905000.0
0.0,0.0,3907000.0
0.0,0.0,3909000.0
0.0,0.0,3911000.0
0.0,0.0,3913000.0
0.0,0.0,3915000.0
0.0,0.0,3917000.0
0.0,0.0,3919000.0
0.0,0.0,3921000.0
0.0,0.0,3923000.0
0.0,0.0,3925000.0
0.0,0.0,3927000.0
0.0,0.0,3929000.0
0.0,0.0,3931000.0
0.0,0.0,3933000.0
0.0,0.0,3935000.0
0.0,0.0,3937000.0
0.0,0.0,3939000.0
0.0,0.0,3941000.0
0.0,0.0,3943000.0
0.0,0.0,3945000.0
0.0,0.0,3947000.0
0.0,0.0,3949000.0
0.0,0.0,3951000.0
0.0,0.0,3953000.0
0.0,0.0,3955000.0
0.0,0.0,3957000.0
0.0,0.0,3959000.0
0.0,0.0,3961000.0
0.0,0.0,3963000.0
0.0,0.0,3965000.0
0.0,0.0,3967000.0
0.0,0.0,3969000.0
0.0,0.0,3971000.0
0.0,0.0,3973000.0
0.0,0.0,3975000.0
0.0,0.0,3977000.0
0.0,0.0,3979000.0
0.0,0.0,3981000.0
0.0,0.0,3983000.0
0.0,0.0,3985000.0
0.0,0.0,3987000.0
0.0,0.0,3989000.0
0.0,0.0,3991000.0
0.0,0.0,3993000.0
0.0,0.0,3995000.0
0.0,0.0,3997000.0
0.0,0.0,3999000.0
0.0,0.0,4001000.0
0.0,0.0,4003000.0
0.0,0.0,4005000.0
0.0,0.0,4007000.0
0.0,0.0,4009000.0
0.0,0.0,4011000.0
0.0,0.0,4013000.0
0.0,0.0,4015000.0
0.0,0.0,4017000.0
0.0,0.0,4019000.0
0.0,0.0,4021000.0
0.0,0.0,4023000.0
0.0,0.0,4025000.0
0.0,0.0,4027000.0
0.0,0.0,4029000.0
0.0,0.0,4031000.0
0.0,0.0,4033000.0
0.0,0.0,4035000.0
0.0,0.0,4037000.0
0.0,0.0,4039000.0
0.0,0.0,4041000.0
0.0,0.0,4043000.0
0.0,0.0,4045000.0
0.0,0.0,4047000.0
0.0,0.0,4049000.0
0.0,0.0,4051000.0
0.0,0.0,4053000.0
0.0,0.0,4055000.0
0.0,0.0,4057000.0
0.0,0.0,4059000.0
0.0,0.0,4061000.0
0.0,0.0,4063000.0
0.0,0.0,4065000.0
0.0,0.0,4067000.0
0.0,0.0,4069000.0
0.0,0.0,4071000.0
0.0,0.0,4073000.0
0.0,0.0,4075000.0
0.0,0.0,4077000.0
0.0,0.0,4079000.0
0.0,0.0,4081000.0
0.0,0.0,4083000.0
0.0,0.0,4085000.0
0.0,0.0,4087000.0
0.0,0.0,4089000.0
0.0,0.0,4091000.0
0.0,0.0,4093000.0
0.0,0.0,4095000.0
0.0,0.0,4097000.0
0.0,0.0,4099000.0
0.0,0.0,4101000.0
0.0,0.0,4103000.0
0.0,0.0,4105000.0
0.0,0.0,4107000.0
0.0,0.0,4109000.0
0.0,0.0,4111000.0
0.0,0.0,4113000.0
0.0,0.0,4115000.0
0.0,0.0,4117000.0
0.0,0.0,4119000.0
0.0,0.0,4121000.0
0.0,0.0,4123000.0
0.0,0.0,4125000.0
0.0,0.0,4127000.0
0.0,0.0,4129000.0
0.0,0.0,4131000.0
0.0,0.0,4133000.0
0.0,0.0,4135000.0
0.0,0.0,4137000.0
0.0,0.0,4139000.0
0.0,0.0,4141000.0
0.0,0.0,4143000.0
0.0,0.0,4145000.0
0.0,0.0,4147000.0
0.0,0.0,4149000.0
0.0,0.0,4151000.0
0.0,0.0,4153000.0
0.0,0.0,4155000.0
0.0,0.0,4157000.0
0.0,0.0,4159000.0
0.0,0.0,4161000.0
0.0,0.0,4163000.0
0.0,0.0,4165000.0
0.0,0.0,4167000.0
0.0,0.0,4169000.0
0.0,0.0,4171000.0
0.0,0.0,4173000.0
0.0,0.0,4175000.0
0.0,0.0,4177000.0
0.0,0.0,4179000.0
0.0,0.0,4181000.0
0.0,0.0,4183000.0
0.0,0.0,4185000.0
0.0,0.0,4187000.0
0.0,0.0,4189000.0
0.0,0.0,4191000.0
0.0,0.0,4193000.0
0.0,0.0,4195000.0
0.0,0.0,4197000.0
0.0,0.0,4199000.0
0.0,0.0,4201000.0
0.0,0.0,4203000.0
0.0,0.0,4205000.0
0.0,0.0,4207000.0
0.0,0.0,4209000.0
0.0,0.0,4211000.0
0.0,0.0,4213000.0
0.0,0.0,4215000.0
0.0,0.0,4217000.0
0.0,0.0,4219000.0
0.0,0.0,4221000.0
0.0,0.0,4223000.0
0.0,0.0,4225000.0
0.0,0.0,4227000.0
0.0,0.0,4229000.0
0.0,0.0,4231000.0
0.0,0.0,4233000.0
12.44,1.24,4235000.0
0.0,0.0,4237000.0
0.0,0.0,4239000.0
0.0,0.0,4241000.0
0.0,0.0,4243000.0
0.0,0.0,4245000.0
0.0,0.0,4247000.0
0.0,0.0,4249000.0
0.0,0.0,4251000.0
0.0,0.0,4253000.0
0.0,0.0,4255000.0
0.0,0.0,4257000.0
0.0,0.0,4259000.0
0.0,0.0,4261000.0
0.0,0.0,4263000.0
0.0,0.0,4265000.0
0.0,0.0,4267000.0
0.0,0.0,4269000.0
0.0,0.0,4271000.0
0.0,0.0,4273000.0
0.0,0.0,4275000.0
0.0,0.0,4277000.0
0.0,0.0,4279000.0
0.0,0.0,4281000.0
0.0,0.0,4283000.0
0.0,0.0,4285000.0
0.0,0.0,4287000.0
0.0,0.0,4289000.0
0.0,0.0,4291000.0
0.0,0.0,4293000.0
0.0,0.0,4295000.0
0.0,0.0,4297000.0
0.0,0.0,4299000.0
0.0,0.0,4301000.0
0.0,0.0,4303000.0
0.0,0.0,4305000.0
0.0,0.0,4307000.0
0.0,0.0,4309000.0
0.0,0.0,4311000.0
0.0,0.0,4313000.0
0.0,0.0,4315000.0
0.0,0.0,4317000.0
0.0,0.0,4319000.0
0.0,0.0,4321000.0
0.0,0.0,4323000.0
0.0,0.0,4325000.0
0.0,0.0,4327000.0
0.0,0.0,4329000.0
0.0,0.0,4331000.0
0.0,0.0,4333000.0
0.0,0.0,4335000.0
0.0,0.0,4337000.0
0.0,0.0,4339000.0
0.0,0.0,4341000.0
0.0,0.0,4343000.0
0.0,0.0,4345000.0
0.0,0.0,4347000.0
0.0,0.0,4349000.0
0.0,0.0,4351000.0
0.0,0.0,4353000.0
0.0,0.0,4355000.0
0.0,0.0,4357000.0
0.0,0.0,4359000.0
0.0,0.0,4361000.0
0.0,0.0,4363000.0
0.0,0.0,4365000.0
0.0,0.0,4367000.0
0.0,0.0,4369000.0
0.0,0.0,4371000.0
0.0,0.0,4373000.0
0.0,0.0,4375000.0
0.0,0.0,4377000.0
0.0,0.0,4379000.0
0.0,0.0,4381000.0
0.0,0.0,4383000.0
0.0,0.0,4385000.0
0.0,0.0,4387000.0
0.0,0.0,4389000.0
0.0,0.0,4391000.0
0.0,0.0,4393000.0
0.0,0.0,4395000.0
0.0,0.0,4397000.0
0.0,0.0,4399000.0
0.0,0.0,4401000.0
0.0,0.0,4403000.0
0.0,0.0,4405000.0
0.0,0.0,4407000.0
0.0,0.0,4409000.0
0.0,0.0,4411000.0
0.0,0.0,4413000.0
134.08,13.4,4415000.0
0.0,0.0,4417000.0
0.0,0.0,4419000.0
0.0,0.0,4421000.0
0.0,0.0,4423000.0
0.0,0.0,4425000.0
0.0,0.0,4427000.0
0.0,0.0,4429000.0
0.0,0.0,4431000.0
0.0,0.0,4433000.0
0.0,0.0,4435000.0
0.0,0.0,4437000.0
0.0,0.0,4439000.0
0.0,0.0,4441000.0
0.0,0.0,4443000.0
0.0,0.0,4445000.0
0.0,0.0,4447000.0
0.0,0.0,4449000.0
0.0,0.0,4451000.0
0.0,0.0,4453000.0
0.0,0.0,4455000.0
0.0,0.0,4457000.0
0.0,0.0,4459000.0
0.0,0.0,4461000.0
0.0,0.0,4463000.0
0.0,0.0,4465000.0
0.0,0.0,4467000.0
0.0,0.0,4469000.0
0.0,0.0,4471000.0
0.0,0.0,4473000.0
0.0,0.0,4475000.0
0.0,0.0,4477000.0
0.0,0.0,4479000.0
0.0,0.0,4481000.0
0.0,0.0,4483000.0
0.0,0.0,4485000.0
0.0,0.0,4487000.0
0.0,0.0,4489000.0
0.0,0.0,4491000.0
0.0,0.0,4493000.0
0.0,0.0,4495000.0
0.0,0.0,4497000.0
0.0,0.0,4499000.0
0.0,0.0,4501000.0
0.0,0.0,4503000.0
0.0,0.0,4505000.0
0.0,0.0,4507000.0
0.0,0.0,4509000.0
0.0,0.0,4511000.0
0.0,0.0,4513000.0
0.0,0.0,4515000.0
0.0,0.0,4517000.0
0.0,0.0,4519000.0
0.0,0.0,4521000.0
0.0,0.0,4523000.0
0.0,0.0,4525000.0
0.0,0.0,4527000.0
0.0,0.0,4529000.0
0.0,0.0,4531000.0
0.0,0.0,4533000.0
0.0,0.0,4535000.0
0.0,0.0,4537000.0
0.0,0.0,4539000.0
0.0,0.0,4541000.0
0.0,0.0,4543000.0
0.0,0.0,4545000.0
0.0,0.0,4547000.0
0.0,0.0,4549000.0
0.0,0.0,4551000.0
0.0,0.0,4553000.0
0.0,0.0,4555000.0
0.0,0.0,4557000.0
0.0,0.0,4559000.0
0.0,0.0,4561000.0
0.0,0.0,4563000.0
0.0,0.0,4565000.0
0.0,0.0,4567000.0
0.0,0.0,4569000.0
0.0,0.0,4571000.0
0.0,0.0,4573000.0
0.0,0.0,4575000.0
0.0,0.0,4577000.0
0.0,0.0,4579000.0
0.0,0.0,4581000.0
0.0,0.0,4583000.0
0.0,0.0,4585000.0
0.0,0.0,4587000.0
0.0,0.0,4589000.0
0.0,0.0,4591000.0
0.0,0.0,4593000.0
0.0,0.0,4595000.0
0.0,0.0,4597000.0
0.0,0.0,4599000.0
0.0,0.0,4601000.0
0.0,0.0,4603000.0
0.0,0.0,4605000.0
0.0,0.0,4607000.0
0.0,0.0,4609000.0
0.0,0.0,4611000.0
0.0,0.0,4613000.0
0.0,0.0,4615000.0
0.0,0.0,4617000.0
0.0,0.0,4619000.0
0.0,0.0,4621000.0
0.0,0.0,4623000.0
0.0,0.0,4625000.0
0.0,0.0,4627000.0
0.0,0.0,4629000.0
0.0,0.0,4631000.0
0.0,0.0,4633000.0
0.0,0.0,4635000.0
0.0,0.0,4637000.0
0.0,0.0,4639000.0
0.0,0.0,4641000.0
0.0,0.0,4643000.0
0.0,0.0,4645000.0
0.0,0.0,4647000.0
0.0,0.0,4649000.0
0.0,0.0,4651000.0
0.0,0.0,4653000.0
0.0,0.0,4655000.0
0.0,0.0,4657000.0
0.0,0.0,4659000.0
0.0,0.0,4661000.0
0.0,0.0,4663000.0
0.0,0.0,4665000.0
0.0,0.0,4667000.0
0.0,0.0,4669000.0
0.0,0.0,4671000.0
0.0,0.0,4673000.0
0.0,0.0,4675000.0
0.0,0.0,4677000.0
0.0,0.0,4679000.0
0.0,0.0,4681000.0
0.0,0.0,4683000.0
0.0,0.0,4685000.0
0.0,0.0,4687000.0
0.0,0.0,4689000.0
0.0,0.0,4691000.0
0.0,0.0,4693000.0
0.0,0.0,4695000.0
0.0,0.0,4697000.0
0.0,0.0,4699000.0
0.0,0.0,4701000.0
0.0,0.0,4703000.0
0.0,0.0,4705000.0
0.0,0.0,4707000.0
0.0,0.0,4709000.0
0.0,0.0,4711000.0
0.0,0.0,4713000.0
0.0,0.0,4715000.0
0.0,0.0,4717000.0
0.0,0.0,4719000.0
0.0,0.0,4721000.0
0.0,0.0,4723000.0
0.0,0.0,4725000.0
0.0,0.0,4727000.0
0.0,0.0,4729000.0
0.0,0.0,4731000.0
0.0,0.0,4733000.0
0.0,0.0,4735000.0
0.0,0.0,4737000.0
0.0,0.0,4739000.0
0.0,0.0,4741000.0
0.0,0.0,4743000.0
0.0,0.0,4745000.0
0.0,0.0,4747000.0
63.78,6.38,4749000.0
0.0,0.0,4751000.0
0.0,0.0,4753000.0
0.0,0.0,4755000.0
0.0,0.0,4757000.0
0.0,0.0,4759000.0
0.0,0.0,4761000.0
0.0,0.0,4763000.0
0.0,0.0,4765000.0
0.0,0.0,4767000.0
0.0,0.0,4769000.0
0.0,0.0,4771000.0
0.0,0.0,4773000.0
0.0,0.0,4775000.0
0.0,0.0,4777000.0
0.0,0.0,4779000.0
0.0,0.0,4781000.0
0.0,0.0,4783000.0
0.0,0.0,4785000.0
0.0,0.0,4787000.0
0.0,0.0,4789000.0
0.0,0.0,4791000.0
0.0,0.0,4793000.0
0.0,0.0,4795000.0
0.0,0.0,4797000.0
0.0,0.0,4799000.0
0.0,0.0,4801000.0
0.0,0.0,4803000.0
0.0,0.0,4805000.0
66.05999999999999,6.6,4807000.0
0.0,0.0,4809000.0
0.0,0.0,4811000.0
0.0,0.0,4813000.0
0.0,0.0,4815000.0
0.0,0.0,4817000.0
0.0,0.0,4819000.0
0.0,0.0,4821000.0
0.0,0.0,4823000.0
0.0,0.0,4825000.0
0.0,0.0,4827000.0
0.0,0.0,4829000.0
0.0,0.0,4831000.0
0.0,0.0,4833000.0
0.0,0.0,4835000.0
0.0,0.0,4837000.0
62.14,6.22,4839000.0
0.0,0.0,4841000.0
0.0,0.0,4843000.0
0.0,0.0,4845000.0
0.0,0.0,4847000.0
0.0,0.0,4849000.0
0.0,0.0,4851000.0
0.0,0.0,4853000.0
0.0,0.0,4855000.0
0.0,0.0,4857000.0
0.0,0.0,4859000.0
0.0,0.0,4861000.0
0.0,0.0,4863000.0
0.0,0.0,4865000.0
54.019999999999996,5.4,4867000.0
0.0,0.0,4869000.0
0.0,0.0,4871000.0
0.0,0.0,4873000.0
0.0,0.0,4875000.0
0.0,0.0,4877000.0
0.0,0.0,4879000.0
0.0,0.0,4881000.0
0.0,0.0,4883000.0
0.0,0.0,4885000.0
0.0,0.0,4887000.0
0.0,0.0,4889000.0
0.0,0.0,4891000.0
0.0,0.0,4893000.0
0.0,0.0,4895000.0
0.0,0.0,4897000.0
0.0,0.0,4899000.0
0.0,0.0,4901000.0
0.0,0.0,4903000.0
0.0,0.0,4905000.0
0.0,0.0,4907000.0
0.0,0.0,4909000.0
0.0,0.0,4911000.0
0.0,0.0,4913000.0
0.0,0.0,4915000.0
0.0,0.0,4917000.0
0.0,0.0,4919000.0
0.0,0.0,4921000.0
0.0,0.0,4923000.0
0.0,0.0,4925000.0
0.0,0.0,4927000.0
0.0,0.0,4929000.0
0.0,0.0,4931000.0
0.0,0.0,4933000.0
0.0,0.0,4935000.0
0.0,0.0,4937000.0
0.0,0.0,4939000.0
0.0,0.0,4941000.0
0.0,0.0,4943000.0
0.0,0.0,4945000.0
0.0,0.0,4947000.0
0.0,0.0,4949000.0
0.0,0.0,4951000.0
0.0,0.0,4953000.0
0.0,0.0,4955000.0
0.0,0.0,4957000.0
0.0,0.0,4959000.0
0.0,0.0,4961000.0
0.0,0.0,4963000.0
0.0,0.0,4965000.0
0.0,0.0,4967000.0
0.0,0.0,4969000.0
0.0,0.0,4971000.0
0.0,0.0,4973000.0
0.0,0.0,4975000.0
0.0,0.0,4977000.0
0.0,0.0,4979000.0
0.0,0.0,4981000.0
0.0,0.0,4983000.0
0.0,0.0,4985000.0
0.0,0.0,4987000.0
0.0,0.0,4989000.0
0.0,0.0,4991000.0
0.0,0.0,4993000.0
0.0,0.0,4995000.0
236.96,23.7,4997000.0
0.0,0.0,4999000.0
0.0,0.0,5001000.0
0.0,0.0,5003000.0
0.0,0.0,5005000.0
0.0,0.0,5007000.0
0.0,0.0,5009000.0
0.0,0.0,5011000.0
0.0,0.0,5013000.0
0.0,0.0,5015000.0
0.0,0.0,5017000.0
0.0,0.0,5019000.0
0.0,0.0,5021000.0
0.0,0.0,5023000.0
0.0,0.0,5025000.0
0.0,0.0,5027000.0
0.0,0.0,5029000.0
0.0,0.0,5031000.0
0.0,0.0,5033000.0
0.0,0.0,5035000.0
0.0,0.0,5037000.0
0.0,0.0,5039000.0
0.0,0.0,5041000.0
0.0,0.0,5043000.0
0.0,0.0,5045000.0
0.0,0.0,5047000.0
0.0,0.0,5049000.0
0.0,0.0,5051000.0
0.0,0.0,5053000.0
0.0,0.0,5055000.0
0.0,0.0,5057000.0
0.0,0.0,5059000.0
0.0,0.0,5061000.0
0.0,0.0,5063000.0
0.0,0.0,5065000.0
0.0,0.0,5067000.0
0.0,0.0,5069000.0
0.0,0.0,5071000.0
0.0,0.0,5073000.0
0.0,0.0,5075000.0
0.0,0.0,5077000.0
0.0,0.0,5079000.0
0.0,0.0,5081000.0
0.0,0.0,5083000.0
0.0,0.0,5085000.0
0.0,0.0,5087000.0
0.0,0.0,5089000.0
0.0,0.0,5091000.0
0.0,0.0,5093000.0
0.0,0.0,5095000.0
0.0,0.0,5097000.0
0.0,0.0,5099000.0
0.0,0.0,5101000.0
0.0,0.0,5103000.0
0.0,0.0,5105000.0
0.0,0.0,5107000.0
0.0,0.0,5109000.0
0.0,0.0,5111000.0
0.0,0.0,5113000.0
0.0,0.0,5115000.0
0.0,0.0,5117000.0
0.0,0.0,5119000.0
0.0,0.0,5121000.0
0.0,0.0,5123000.0
0.0,0.0,5125000.0
0.0,0.0,5127000.0
0.0,0.0,5129000.0
0.0,0.0,5131000.0
0.0,0.0,5133000.0
0.0,0.0,5135000.0
0.0,0.0,5137000.0
0.0,0.0,5139000.0
0.0,0.0,5141000.0
0.0,0.0,5143000.0
0.0,0.0,5145000.0
0.0,0.0,5147000.0
0.0,0.0,5149000.0
0.0,0.0,5151000.0
0.0,0.0,5153000.0
0.0,0.0,5155000.0
0.0,0.0,5157000.0
0.0,0.0,5159000.0
0.0,0.0,5161000.0
0.0,0.0,5163000.0
0.0,0.0,5165000.0
0.0,0.0,5167000.0
0.0,0.0,5169000.0
0.0,0.0,5171000.0
0.0,0.0,5173000.0
0.0,0.0,5175000.0
0.0,0.0,5177000.0
0.0,0.0,5179000.0
0.0,0.0,5181000.0
0.0,0.0,5183000.0
0.0,0.0,5185000.0
0.0,0.0,5187000.0
0.0,0.0,5189000.0
0.0,0.0,5191000.0
0.0,0.0,5193000.0
0.0,0.0,5195000.0
0.0,0.0,5197000.0
0.0,0.0,5199000.0
0.0,0.0,5201000.0
0.0,0.0,5203000.0
0.0,0.0,5205000.0
0.0,0.0,5207000.0
0.0,0.0,5209000.0
0.0,0.0,5211000.0
0.0,0.0,5213000.0
0.0,0.0,5215000.0
0.0,0.0,5217000.0
0.0,0.0,5219000.0
0.0,0.0,5221000.0
0.0,0.0,5223000.0
0.0,0.0,5225000.0
0.0,0.0,5227000.0
0.0,0.0,5229000.0
0.0,0.0,5231000.0
0.0,0.0,5233000.0
0.0,0.0,5235000.0
0.0,0.0,5237000.0
0.0,0.0,5239000.0
0.0,0.0,5241000.0
0.0,0.0,5243000.0
0.0,0.0,5245000.0
0.0,0.0,5247000.0
0.0,0.0,5249000.0
0.0,0.0,5251000.0
0.0,0.0,5253000.0
0.0,0.0,5255000.0
0.0,0.0,5257000.0
0.0,0.0,5259000.0
0.0,0.0,5261000.0
0.0,0.0,5263000.0
0.0,0.0,5265000.0
0.0,0.0,5267000.0
0.0,0.0,5269000.0
0.0,0.0,5271000.0
0.0,0.0,5273000.0
0.0,0.0,5275000.0
0.0,0.0,5277000.0
0.0,0.0,5279000.0
0.0,0.0,5281000.0
0.0,0.0,5283000.0
0.0,0.0,5285000.0
0.0,0.0,5287000.0
0.0,0.0,5289000.0
0.0,0.0,5291000.0
0.0,0.0,5293000.0
0.0,0.0,5295000.0
0.0,0.0,5297000.0
0.0,0.0,5299000.0
0.0,0.0,5301000.0
0.0,0.0,5303000.0
0.0,0.0,5305000.0
0.0,0.0,5307000.0
0.0,0.0,5309000.0
0.0,0.0,5311000.0
0.0,0.0,5313000.0
0.0,0.0,5315000.0
0.0,0.0,5317000.0
0.0,0.0,5319000.0
0.0,0.0,5321000.0
0.0,0.0,5323000.0
0.0,0.0,5325000.0
0.0,0.0,5327000.0
0.0,0.0,5329000.0
0.0,0.0,5331000.0
0.0,0.0,5333000.0
0.0,0.0,5335000.0
0.0,0.0,5337000.0
0.0,0.0,5339000.0
0.0,0.0,5341000.0
0.0,0.0,5343000.0
0.0,0.0,5345000.0
0.0,0.0,5347000.0
0.0,0.0,5349000.0
0.0,0.0,5351000.0
0.0,0.0,5353000.0
0.0,0.0,5355000.0
101.52,10.16,5357000.0
0.0,0.0,5359000.0
0.0,0.0,5361000.0
0.0,0.0,5363000.0
0.0,0.0,5365000.0
0.0,0.0,5367000.0
0.0,0.0,5369000.0
0.0,0.0,5371000.0
0.0,0.0,5373000.0
0.0,0.0,5375000.0
0.0,0.0,5377000.0
0.0,0.0,5379000.0
0.0,0.0,5381000.0
0.0,0.0,5383000.0
0.0,0.0,5385000.0
0.0,0.0,5387000.0
0.0,0.0,5389000.0
0.0,0.0,5391000.0
0.0,0.0,5393000.0
0.0,0.0,5395000.0
0.0,0.0,5397000.0
0.0,0.0,5399000.0
0.0,0.0,5401000.0
0.0,0.0,5403000.0
0.0,0.0,5405000.0
0.0,0.0,5407000.0
0.0,0.0,5409000.0
0.0,0.0,5411000.0
0.0,0.0,5413000.0
0.0,0.0,5415000.0
0.0,0.0,5417000.0
0.0,0.0,5419000.0
0.0,0.0,5421000.0
0.0,0.0,5423000.0
0.0,0.0,5425000.0
0.0,0.0,5427000.0
0.0,0.0,5429000.0
0.0,0.0,5431000.0
0.0,0.0,5433000.0
0.0,0.0,5435000.0
0.0,0.0,5437000.0
0.0,0.0,5439000.0
0.0,0.0,5441000.0
0.0,0.0,5443000.0
0.0,0.0,5445000.0
0.0,0.0,5447000.0
0.0,0.0,5449000.0
0.0,0.0,5451000.0
158.67999999999998,15.86,5453000.0
0.0,0.0,5455000.0
0.0,0.0,5457000.0
0.0,0.0,5459000.0
0.0,0.0,5461000.0
0.0,0.0,5463000.0
0.0,0.0,5465000.0
0.0,0.0,5467000.0
0.0,0.0,5469000.0
0.0,0.0,5471000.0
0.0,0.0,5473000.0
0.0,0.0,5475000.0
0.0,0.0,5477000.0
0.0,0.0,5479000.0
0.0,0.0,5481000.0
148.98,14.9,5483000.0
0.0,0.0,5485000.0
0.0,0.0,5487000.0
0.0,0.0,5489000.0
0.0,0.0,5491000.0
174.88,17.48,5493000.0
0.0,0.0,5495000.0
0.0,0.0,5497000.0
0.0,0.0,5499000.0
0.0,0.0,5501000.0
0.0,0.0,5503000.0
0.0,0.0,5505000.0
0.0,0.0,5507000.0
0.0,0.0,5509000.0
0.0,0.0,5511000.0
0.0,0.0,5513000.0
0.0,0.0,5515000.0
0.0,0.0,5517000.0
0.0,0.0,5519000.0
0.0,0.0,5521000.0
0.0,0.0,5523000.0
0.0,0.0,5525000.0
0.0,0.0,5527000.0
0.0,0.0,5529000.0
0.0,0.0,5531000.0
0.0,0.0,5533000.0
0.0,0.0,5535000.0
0.0,0.0,5537000.0
0.0,0.0,5539000.0
0.0,0.0,5541000.0
0.0,0.0,5543000.0
0.0,0.0,5545000.0
0.0,0.0,5547000.0
0.0,0.0,5549000.0
0.0,0.0,5551000.0
0.0,0.0,5553000.0
0.0,0.0,5555000.0
0.0,0.0,5557000.0
0.0,0.0,5559000.0
0.0,0.0,5561000.0
0.0,0.0,5563000.0
0.0,0.0,5565000.0
0.0,0.0,5567000.0
0.0,0.0,5569000.0
0.0,0.0,5571000.0
0.0,0.0,5573000.0
0.0,0.0,5575000.0
0.0,0.0,5577000.0
0.0,0.0,5579000.0
0.0,0.0,5581000.0
0.0,0.0,5583000.0
0.0,0.0,5585000.0
0.0,0.0,5587000.0
0.0,0.0,5589000.0
0.0,0.0,5591000.0
0.0,0.0,5593000.0
0.0,0.0,5595000.0
0.0,0.0,5597000.0
0.0,0.0,5599000.0
0.0,0.0,5601000.0
0.0,0.0,5603000.0
0.0,0.0,5605000.0
0.0,0.0,5607000.0
0.0,0.0,5609000.0
0.0,0.0,5611000.0
0.0,0.0,5613000.0
0.0,0.0,5615000.0
0.0,0.0,5617000.0
0.0,0.0,5619000.0
0.0,0.0,5621000.0
0.0,0.0,5623000.0
0.0,0.0,5625000.0
0.0,0.0,5627000.0
0.0,0.0,5629000.0
0.0,0.0,5631000.0
0.0,0.0,5633000.0
89.92,9.0,5635000.0
0.0,0.0,5637000.0
0.0,0.0,5639000.0
0.0,0.0,5641000.0
0.0,0.0,5643000.0
0.0,0.0,5645000.0
0.0,0.0,5647000.0
0.0,0.0,5649000.0
0.0,0.0,5651000.0
0.0,0.0,5653000.0
0.0,0.0,5655000.0
0.0,0.0,5657000.0
0.0,0.0,5659000.0
0.0,0.0,5661000.0
0.0,0.0,5663000.0
0.0,0.0,5665000.0
0.0,0.0,5667000.0
0.0,0.0,5669000.0
0.0,0.0,5671000.0
0.0,0.0,5673000.0
0.0,0.0,5675000.0
0.0,0.0,5677000.0
0.0,0.0,5679000.0
0.0,0.0,5681000.0
0.0,0.0,5683000.0
0.0,0.0,5685000.0
0.0,0.0,5687000.0
85.4,8.540000000000001,5689000.0
0.0,0.0,5691000.0
0.0,0.0,5693000.0
0.0,0.0,5695000.0
0.0,0.0,5697000.0
0.0,0.0,5699000.0
0.0,0.0,5701000.0
0.0,0.0,5703000.0
0.0,0.0,5705000.0
0.0,0.0,5707000.0
0.0,0.0,5709000.0
0.0,0.0,5711000.0
0.0,0.0,5713000.0
0.0,0.0,5715000.0
0.0,0.0,5717000.0
0.0,0.0,5719000.0
0.0,0.0,5721000.0
0.0,0.0,5723000.0
0.0,0.0,5725000.0
0.0,0.0,5727000.0
0.0,0.0,5729000.0
0.0,0.0,5731000.0
0.0,0.0,5733000.0
0.0,0.0,5735000.0
0.0,0.0,5737000.0
0.0,0.0,5739000.0
0.0,0.0,5741000.0
0.0,0.0,5743000.0
0.0,0.0,5745000.0
0.0,0.0,5747000.0
0.0,0.0,5749000.0
0.0,0.0,5751000.0
0.0,0.0,5753000.0
0.0,0.0,5755000.0
0.0,0.0,5757000.0
0.0,0.0,5759000.0
0.0,0.0,5761000.0
0.0,0.0,5763000.0
0.0,0.0,5765000.0
0.0,0.0,5767000.0
0.0,0.0,5769000.0
0.0,0.0,5771000.0
0.0,0.0,5773000.0
0.0,0.0,5775000.0
0.0,0.0,5777000.0
0.0,0.0,5779000.0
0.0,0.0,5781000.0
0.0,0.0,5783000.0
104.76,10.48,5785000.0
0.0,0.0,5787000.0
0.0,0.0,5789000.0
0.0,0.0,5791000.0
0.0,0.0,5793000.0
0.0,0.0,5795000.0
115.74,11.58,5797000.0
0.0,0.0,5799000.0
0.0,0.0,5801000.0
0.0,0.0,5803000.0
0.0,0.0,5805000.0
0.0,0.0,5807000.0
0.0,0.0,5809000.0
0.0,0.0,5811000.0
0.0,0.0,5813000.0
0.0,0.0,5815000.0
0.0,0.0,5817000.0
0.0,0.0,5819000.0
0.0,0.0,5821000.0
0.0,0.0,5823000.0
0.0,0.0,5825000.0
0.0,0.0,5827000.0
0.0,0.0,5829000.0
0.0,0.0,5831000.0
0.0,0.0,5833000.0
0.0,0.0,5835000.0
0.0,0.0,5837000.0
0.0,0.0,5839000.0
0.0,0.0,5841000.0
0.0,0.0,5843000.0
0.0,0.0,5845000.0
0.0,0.0,5847000.0
0.0,0.0,5849000.0
0.0,0.0,5851000.0
0.0,0.0,5853000.0
112.52,11.26,5855000.0
0.0,0.0,5857000.0
0.0,0.0,5859000.0
0.0,0.0,5861000.0
0.0,0.0,5863000.0
0.0,0.0,5865000.0
0.0,0.0,5867000.0
0.0,0.0,5869000.0
0.0,0.0,5871000.0
0.0,0.0,5873000.0
0.0,0.0,5875000.0
0.0,0.0,5877000.0
0.0,0.0,5879000.0
0.0,0.0,5881000.0
0.0,0.0,5883000.0
0.0,0.0,5885000.0
0.0,0.0,5887000.0
0.0,0.0,5889000.0
0.0,0.0,5891000.0
0.0,0.0,5893000.0
0.0,0.0,5895000.0
0.0,0.0,5897000.0
0.0,0.0,5899000.0
0.0,0.0,5901000.0
0.0,0.0,5903000.0
159.58,15.959999999999999,5905000.0
0.0,0.0,5907000.0
0.0,0.0,5909000.0
0.0,0.0,5911000.0
0.0,0.0,5913000.0
0.0,0.0,5915000.0
0.0,0.0,5917000.0
0.0,0.0,5919000.0
0.0,0.0,5921000.0
0.0,0.0,5923000.0
0.0,0.0,5925000.0
0.0,0.0,5927000.0
0.0,0.0,5929000.0
0.0,0.0,5931000.0
0.0,0.0,5933000.0
0.0,0.0,5935000.0
0.0,0.0,5937000.0
0.0,0.0,5939000.0
0.0,0.0,5941000.0
0.0,0.0,5943000.0
0.0,0.0,5945000.0
0.0,0.0,5947000.0
0.0,0.0,5949000.0
0.0,0.0,5951000.0
0.0,0.0,5953000.0
0.0,0.0,5955000.0
0.0,0.0,5957000.0
0.0,0.0,5959000.0
0.0,0.0,5961000.0
0.0,0.0,5963000.0
0.0,0.0,5965000.0
0.0,0.0,5967000.0
0.0,0.0,5969000.0
0.0,0.0,5971000.0
0.0,0.0,5973000.0
0.0,0.0,5975000.0
258.41,18.446164913065264,5977000.0
0.0,0.0,5979000.0
0.0,0.0,5981000.0
0.0,0.0,5983000.0
0.0,0.0,5985000.0
0.0,0.0,5987000.0
0.0,0.0,5989000.0
0.0,0.0,5991000.0
0.0,0.0,5993000.0
0.0,0.0,5995000.0
0.0,0.0,5997000.0
0.0,0.0,5999000.0
0.0,0.0,6001000.0
0.0,0.0,6003000.0
0.0,0.0,6005000.0
0.0,0.0,6007000.0
0.0,0.0,6009000.0
0.0,0.0,6011000.0
0.0,0.0,6013000.0
0.0,0.0,6015000.0
0.0,0.0,6017000.0
0.0,0.0,6019000.0
0.0,0.0,6021000.0
0.0,0.0,6023000.0
0.0,0.0,6025000.0
0.0,0.0,6027000.0
0.0,0.0,6029000.0
0.0,0.0,6031000.0
0.0,0.0,6033000.0
0.0,0.0,6035000.0
0.0,0.0,6037000.0
0.0,0.0,6039000.0
0.0,0.0,6041000.0
0.0,0.0,6043000.0
0.0,0.0,6045000.0
0.0,0.0,6047000.0
0.0,0.0,6049000.0
0.0,0.0,6051000.0
0.0,0.0,6053000.0
0.0,0.0,6055000.0
0.0,0.0,6057000.0
0.0,0.0,6059000.0
0.0,0.0,6061000.0
0.0,0.0,6063000.0
0.0,0.0,6065000.0
0.0,0.0,6067000.0
0.0,0.0,6069000.0
0.0,0.0,6071000.0
0.0,0.0,6073000.0
0.0,0.0,6075000.0
0.0,0.0,6077000.0
0.0,0.0,6079000.0
0.0,0.0,6081000.0
0.0,0.0,6083000.0
0.0,0.0,6085000.0
0.0,0.0,6087000.0
0.0,0.0,6089000.0
0.0,0.0,6091000.0
0.0,0.0,6093000.0
0.0,0.0,6095000.0
0.0,0.0,6097000.0
0.0,0.0,6099000.0
0.0,0.0,6101000.0
0.0,0.0,6103000.0
0.0,0.0,6105000.0
0.0,0.0,6107000.0
0.0,0.0,6109000.0
0.0,0.0,6111000.0
0.0,0.0,6113000.0
0.0,0.0,6115000.0
0.0,0.0,6117000.0
0.0,0.0,6119000.0
0.0,0.0,6121000.0
0.0,0.0,6123000.0
0.0,0.0,6125000.0
0.0,0.0,6127000.0
119.98,12.0,6129000.0
0.0,0.0,6131000.0
0.0,0.0,6133000.0
0.0,0.0,6135000.0
0.0,0.0,6137000.0
0.0,0.0,6139000.0
0.0,0.0,6141000.0
0.0,0.0,6143000.0
0.0,0.0,6145000.0
0.0,0.0,6147000.0
0.0,0.0,6149000.0
0.0,0.0,6151000.0
0.0,0.0,6153000.0
0.0,0.0,6155000.0
0.0,0.0,6157000.0
0.0,0.0,6159000.0
0.0,0.0,6161000.0
0.0,0.0,6163000.0
0.0,0.0,6165000.0
0.0,0.0,6167000.0
0.0,0.0,6169000.0
0.0,0.0,6171000.0
0.0,0.0,6173000.0
0.0,0.0,6175000.0
0.0,0.0,6177000.0
0.0,0.0,6179000.0
0.0,0.0,6181000.0
0.0,0.0,6183000.0
0.0,0.0,6185000.0
0.0,0.0,6187000.0
0.0,0.0,6189000.0
0.0,0.0,6191000.0
0.0,0.0,6193000.0
0.0,0.0,6195000.0
0.0,0.0,6197000.0
0.0,0.0,6199000.0
0.0,0.0,6201000.0
0.0,0.0,6203000.0
0.0,0.0,6205000.0
0.0,0.0,6207000.0
0.0,0.0,6209000.0
0.0,0.0,6211000.0
0.0,0.0,6213000.0
0.0,0.0,6215000.0
0.0,0.0,6217000.0
0.0,0.0,6219000.0
0.0,0.0,6221000.0
0.0,0.0,6223000.0
0.0,0.0,6225000.0
0.0,0.0,6227000.0
0.0,0.0,6229000.0
0.0,0.0,6231000.0
0.0,0.0,6233000.0
0.0,0.0,6235000.0
0.0,0.0,6237000.0
0.0,0.0,6239000.0
0.0,0.0,6241000.0
0.0,0.0,6243000.0
0.0,0.0,6245000.0
0.0,0.0,6247000.0
0.0,0.0,6249000.0
0.0,0.0,6251000.0
0.0,0.0,6253000.0
0.0,0.0,6255000.0
0.0,0.0,6257000.0
0.0,0.0,6259000.0
0.0,0.0,6261000.0
0.0,0.0,6263000.0
0.0,0.0,6265000.0
0.0,0.0,6267000.0
0.0,0.0,6269000.0
0.0,0.0,6271000.0
0.0,0.0,6273000.0
0.0,0.0,6275000.0
0.0,0.0,6277000.0
0.0,0.0,6279000.0
0.0,0.0,6281000.0
0.0,0.0,6283000.0
0.0,0.0,6285000.0
0.0,0.0,6287000.0
0.0,0.0,6289000.0
0.0,0.0,6291000.0
0.0,0.0,6293000.0
0.0,0.0,6295000.0
0.0,0.0,6297000.0
0.0,0.0,6299000.0
0.0,0.0,6301000.0
0.0,0.0,6303000.0
0.0,0.0,6305000.0
0.0,0.0,6307000.0
0.0,0.0,6309000.0
0.0,0.0,6311000.0
0.0,0.0,6313000.0
0.0,0.0,6315000.0
0.0,0.0,6317000.0
0.0,0.0,6319000.0
0.0,0.0,6321000.0
0.0,0.0,6323000.0
0.0,0.0,6325000.0
0.0,0.0,6327000.0
0.0,0.0,6329000.0
0.0,0.0,6331000.0
0.0,0.0,6333000.0
0.0,0.0,6335000.0
0.0,0.0,6337000.0
0.0,0.0,6339000.0
0.0,0.0,6341000.0
0.0,0.0,6343000.0
0.0,0.0,6345000.0
0.0,0.0,6347000.0
0.0,0.0,6349000.0
0.0,0.0,6351000.0
0.0,0.0,6353000.0
0.0,0.0,6355000.0
0.0,0.0,6357000.0
0.0,0.0,6359000.0
0.0,0.0,6361000.0
0.0,0.0,6363000.0
0.0,0.0,6365000.0
0.0,0.0,6367000.0
0.0,0.0,6369000.0
0.0,0.0,6371000.0
0.0,0.0,6373000.0
0.0,0.0,6375000.0
0.0,0.0,6377000.0
0.0,0.0,6379000.0
0.0,0.0,6381000.0
0.0,0.0,6383000.0
0.0,0.0,6385000.0
0.0,0.0,6387000.0
0.0,0.0,6389000.0
0.0,0.0,6391000.0
0.0,0.0,6393000.0
0.0,0.0,6395000.0
0.0,0.0,6397000.0
0.0,0.0,6399000.0
0.0,0.0,6401000.0
0.0,0.0,6403000.0
0.0,0.0,6405000.0
0.0,0.0,6407000.0
0.0,0.0,6409000.0
0.0,0.0,6411000.0
0.0,0.0,6413000.0
0.0,0.0,6415000.0
0.0,0.0,6417000.0
0.0,0.0,6419000.0
0.0,0.0,6421000.0
0.0,0.0,6423000.0
0.0,0.0,6425000.0
0.0,0.0,6427000.0
0.0,0.0,6429000.0
0.0,0.0,6431000.0
0.0,0.0,6433000.0
0.0,0.0,6435000.0
0.0,0.0,6437000.0
0.0,0.0,6439000.0
0.0,0.0,6441000.0
0.0,0.0,6443000.0
0.0,0.0,6445000.0
0.0,0.0,6447000.0
0.0,0.0,6449000.0
0.0,0.0,6451000.0
0.0,0.0,6453000.0
0.0,0.0,6455000.0
0.0,0.0,6457000.0
0.0,0.0,6459000.0
0.0,0.0,6461000.0
0.0,0.0,6463000.0
0.0,0.0,6465000.0
0.0,0.0,6467000.0
0.0,0.0,6469000.0
0.0,0.0,6471000.0
0.0,0.0,6473000.0
0.0,0.0,6475000.0
0.0,0.0,6477000.0
0.0,0.0,6479000.0
0.0,0.0,6481000.0
0.0,0.0,6483000.0
0.0,0.0,6485000.0
0.0,0.0,6487000.0
0.0,0.0,6489000.0
0.0,0.0,6491000.0
0.0,0.0,6493000.0
0.0,0.0,6495000.0
0.0,0.0,6497000.0
0.0,0.0,6499000.0
0.0,0.0,6501000.0
0.0,0.0,6503000.0
0.0,0.0,6505000.0
0.0,0.0,6507000.0
0.0,0.0,6509000.0
0.0,0.0,6511000.0
0.0,0.0,6513000.0
0.0,0.0,6515000.0
0.0,0.0,6517000.0
0.0,0.0,6519000.0
0.0,0.0,6521000.0
0.0,0.0,6523000.0
0.0,0.0,6525000.0
0.0,0.0,6527000.0
0.0,0.0,6529000.0
0.0,0.0,6531000.0
0.0,0.0,6533000.0
0.0,0.0,6535000.0
0.0,0.0,6537000.0
0.0,0.0,6539000.0
0.0,0.0,6541000.0
0.0,0.0,6543000.0
0.0,0.0,6545000.0
0.0,0.0,6547000.0
0.0,0.0,6549000.0
0.0,0.0,6551000.0
0.0,0.0,6553000.0
0.0,0.0,6555000.0
0.0,0.0,6557000.0
0.0,0.0,6559000.0
0.0,0.0,6561000.0
0.0,0.0,6563000.0
0.0,0.0,6565000.0
0.0,0.0,6567000.0
0.0,0.0,6569000.0
0.0,0.0,6571000.0
0.0,0.0,6573000.0
0.0,0.0,6575000.0
0.0,0.0,6577000.0
0.0,0.0,6579000.0
0.0,0.0,6581000.0
0.0,0.0,6583000.0
0.0,0.0,6585000.0
0.0,0.0,6587000.0
0.0,0.0,6589000.0
0.0,0.0,6591000.0
0.0,0.0,6593000.0
0.0,0.0,6595000.0
0.0,0.0,6597000.0
0.0,0.0,6599000.0
0.0,0.0,6601000.0
0.0,0.0,6603000.0
0.0,0.0,6605000.0
0.0,0.0,6607000.0
0.0,0.0,6609000.0
0.0,0.0,6611000.0
0.0,0.0,6613000.0
0.0,0.0,6615000.0
0.0,0.0,6617000.0
0.0,0.0,6619000.0
0.0,0.0,6621000.0
0.0,0.0,6623000.0
0.0,0.0,6625000.0
0.0,0.0,6627000.0
0.0,0.0,6629000.0
0.0,0.0,6631000.0
0.0,0.0,6633000.0
0.0,0.0,6635000.0
0.0,0.0,6637000.0
0.0,0.0,6639000.0
0.0,0.0,6641000.0
0.0,0.0,6643000.0
0.0,0.0,6645000.0
0.0,0.0,6647000.0
0.0,0.0,6649000.0
0.0,0.0,6651000.0
0.0,0.0,6653000.0
0.0,0.0,6655000.0
0.0,0.0,6657000.0
0.0,0.0,6659000.0
0.0,0.0,6661000.0
0.0,0.0,6663000.0
0.0,0.0,6665000.0
0.0,0.0,6667000.0
0.0,0.0,6669000.0
0.0,0.0,6671000.0
0.0,0.0,6673000.0
0.0,0.0,6675000.0
0.0,0.0,6677000.0
0.0,0.0,6679000.0
0.0,0.0,6681000.0
0.0,0.0,6683000.0
0.0,0.0,6685000.0
0.0,0.0,6687000.0
0.0,0.0,6689000.0
0.0,0.0,6691000.0
0.0,0.0,6693000.0
0.0,0.0,6695000.0
0.0,0.0,6697000.0
0.0,0.0,6699000.0
0.0,0.0,6701000.0
0.0,0.0,6703000.0
0.0,0.0,6705000.0
0.0,0.0,6707000.0
0.0,0.0,6709000.0
0.0,0.0,6711000.0
0.0,0.0,6713000.0
0.0,0.0,6715000.0
0.0,0.0,6717000.0
0.0,0.0,6719000.0
0.0,0.0,6721000.0
0.0,0.0,6723000.0
0.0,0.0,6725000.0
0.0,0.0,6727000.0
0.0,0.0,6729000.0
0.0,0.0,6731000.0
0.0,0.0,6733000.0
0.0,0.0,6735000.0
0.0,0.0,6737000.0
0.0,0.0,6739000.0
0.0,0.0,6741000.0
0.0,0.0,6743000.0
0.0,0.0,6745000.0
0.0,0.0,6747000.0
0.0,0.0,6749000.0
0.0,0.0,6751000.0
0.0,0.0,6753000.0
0.0,0.0,6755000.0
0.0,0.0,6757000.0
0.0,0.0,6759000.0
0.0,0.0,6761000.0
0.0,0.0,6763000.0
0.0,0.0,6765000.0
0.0,0.0,6767000.0
0.0,0.0,6769000.0
0.0,0.0,6771000.0
0.0,0.0,6773000.0
0.0,0.0,6775000.0
0.0,0.0,6777000.0
0.0,0.0,6779000.0
0.0,0.0,6781000.0
0.0,0.0,6783000.0
0.0,0.0,6785000.0
0.0,0.0,6787000.0
0.0,0.0,6789000.0
0.0,0.0,6791000.0
0.0,0.0,6793000.0
0.0,0.0,6795000.0
0.0,0.0,6797000.0
0.0,0.0,6799000.0
0.0,0.0,6801000.0
0.0,0.0,6803000.0
0.0,0.0,6805000.0
0.0,0.0,6807000.0
0.0,0.0,6809000.0
0.0,0.0,6811000.0
0.0,0.0,6813000.0
0.0,0.0,6815000.0
0.0,0.0,6817000.0
0.0,0.0,6819000.0
0.0,0.0,6821000.0
0.0,0.0,6823000.0
0.0,0.0,6825000.0
0.0,0.0,6827000.0
0.0,0.0,6829000.0
0.0,0.0,6831000.0
0.0,0.0,6833000.0
0.0,0.0,6835000.0
0.0,0.0,6837000.0
0.0,0.0,6839000.0
0.0,0.0,6841000.0
0.0,0.0,6843000.0
0.0,0.0,6845000.0
0.0,0.0,6847000.0
0.0,0.0,6849000.0
0.0,0.0,6851000.0
0.0,0.0,6853000.0
0.0,0.0,6855000.0
0.0,0.0,6857000.0
0.0,0.0,6859000.0
0.0,0.0,6861000.0
0.0,0.0,6863000.0
0.0,0.0,6865000.0
0.0,0.0,6867000.0
0.0,0.0,6869000.0
0.0,0.0,6871000.0
0.0,0.0,6873000.0
0.0,0.0,6875000.0
0.0,0.0,6877000.0
0.0,0.0,6879000.0
0.0,0.0,6881000.0
0.0,0.0,6883000.0
0.0,0.0,6885000.0
0.0,0.0,6887000.0
0.0,0.0,6889000.0
0.0,0.0,6891000.0
0.0,0.0,6893000.0
0.0,0.0,6895000.0
0.0,0.0,6897000.0
0.0,0.0,6899000.0
0.0,0.0,6901000.0
0.0,0.0,6903000.0
0.0,0.0,6905000.0
0.0,0.0,6907000.0
0.0,0.0,6909000.0
0.0,0.0,6911000.0
0.0,0.0,6913000.0
0.0,0.0,6915000.0
0.0,0.0,6917000.0
0.0,0.0,6919000.0
0.0,0.0,6921000.0
0.0,0.0,6923000.0
0.0,0.0,6925000.0
0.0,0.0,6927000.0
0.0,0.0,6929000.0
0.0,0.0,6931000.0
0.0,0.0,6933000.0
0.0,0.0,6935000.0
0.0,0.0,6937000.0
0.0,0.0,6939000.0
0.0,0.0,6941000.0
0.0,0.0,6943000.0
0.0,0.0,6945000.0
0.0,0.0,6947000.0
0.0,0.0,6949000.0
0.0,0.0,6951000.0
0.0,0.0,6953000.0
0.0,0.0,6955000.0
0.0,0.0,6957000.0
0.0,0.0,6959000.0
0.0,0.0,6961000.0
0.0,0.0,6963000.0
0.0,0.0,6965000.0
0.0,0.0,6967000.0
0.0,0.0,6969000.0
0.0,0.0,6971000.0
0.0,0.0,6973000.0
0.0,0.0,6975000.0
0.0,0.0,6977000.0
0.0,0.0,6979000.0
0.0,0.0,6981000.0
0.0,0.0,6983000.0
0.0,0.0,6985000.0
0.0,0.0,6987000.0
0.0,0.0,6989000.0
0.0,0.0,6991000.0
0.0,0.0,6993000.0
0.0,0.0,6995000.0
0.0,0.0,6997000.0
0.0,0.0,6999000.0
0.0,0.0,7001000.0
0.0,0.0,7003000.0
0.0,0.0,7005000.0
0.0,0.0,7007000.0
0.0,0.0,7009000.0
0.0,0.0,7011000.0
0.0,0.0,7013000.0
0.0,0.0,7015000.0
0.0,0.0,7017000.0
0.0,0.0,7019000.0
0.0,0.0,7021000.0
0.0,0.0,7023000.0
0.0,0.0,7025000.0
0.0,0.0,7027000.0
0.0,0.0,7029000.0
0.0,0.0,7031000.0
0.0,0.0,7033000.0
0.0,0.0,7035000.0
0.0,0.0,7037000.0
0.0,0.0,7039000.0
0.0,0.0,7041000.0
0.0,0.0,7043000.0
0.0,0.0,7045000.0
0.0,0.0,7047000.0
0.0,0.0,7049000.0
0.0,0.0,7051000.0
0.0,0.0,7053000.0
0.0,0.0,7055000.0
0.0,0.0,7057000.0
0.0,0.0,7059000.0
0.0,0.0,7061000.0
0.0,0.0,7063000.0
0.0,0.0,7065000.0
0.0,0.0,7067000.0
0.0,0.0,7069000.0
0.0,0.0,7071000.0
0.0,0.0,7073000.0
0.0,0.0,7075000.0
0.0,0.0,7077000.0
0.0,0.0,7079000.0
0.0,0.0,7081000.0
0.0,0.0,7083000.0
0.0,0.0,7085000.0
0.0,0.0,7087000.0
0.0,0.0,7089000.0
0.0,0.0,7091000.0
0.0,0.0,7093000.0
0.0,0.0,7095000.0
0.0,0.0,7097000.0
0.0,0.0,7099000.0
0.0,0.0,7101000.0
0.0,0.0,7103000.0
0.0,0.0,7105000.0
0.0,0.0,7107000.0
0.0,0.0,7109000.0
0.0,0.0,7111000.0
0.0,0.0,7113000.0
0.0,0.0,7115000.0
0.0,0.0,7117000.0
0.0,0.0,7119000.0
0.0,0.0,7121000.0
0.0,0.0,7123000.0
0.0,0.0,7125000.0
0.0,0.0,7127000.0
0.0,0.0,7129000.0
0.0,0.0,7131000.0
0.0,0.0,7133000.0
0.0,0.0,7135000.0
0.0,0.0,7137000.0
0.0,0.0,7139000.0
0.0,0.0,7141000.0
0.0,0.0,7143000.0
0.0,0.0,7145000.0
0.0,0.0,7147000.0
0.0,0.0,7149000.0
0.0,0.0,7151000.0
0.0,0.0,7153000.0
0.0,0.0,7155000.0
0.0,0.0,7157000.0
0.0,0.0,7159000.0
0.0,0.0,7161000.0
0.0,0.0,7163000.0
0.0,0.0,7165000.0
0.0,0.0,7167000.0
0.0,0.0,7169000.0
0.0,0.0,7171000.0
0.0,0.0,7173000.0
0.0,0.0,7175000.0
0.0,0.0,7177000.0
0.0,0.0,7179000.0
0.0,0.0,7181000.0
0.0,0.0,7183000.0
0.0,0.0,7185000.0
0.0,0.0,7187000.0
0.0,0.0,7189000.0
0.0,0.0,7191000.0
0.0,0.0,7193000.0
0.0,0.0,7195000.0
0.0,0.0,7197000.0
0.0,0.0,7199000.0
0.0,0.0,7201000.0
0.0,0.0,7203000.0
0.0,0.0,7205000.0
0.0,0.0,7207000.0
0.0,0.0,7209000.0
0.0,0.0,7211000.0
0.0,0.0,7213000.0
0.0,0.0,7215000.0
0.0,0.0,7217000.0
0.0,0.0,7219000.0
0.0,0.0,7221000.0
0.0,0.0,7223000.0
0.0,0.0,7225000.0
0.0,0.0,7227000.0
0.0,0.0,7229000.0
0.0,0.0,7231000.0
0.0,0.0,7233000.0
0.0,0.0,7235000.0
0.0,0.0,7237000.0
0.0,0.0,7239000.0
0.0,0.0,7241000.0
0.0,0.0,7243000.0
0.0,0.0,7245000.0
0.0,0.0,7247000.0
0.0,0.0,7249000.0
0.0,0.0,7251000.0
0.0,0.0,7253000.0
0.0,0.0,7255000.0
0.0,0.0,7257000.0
0.0,0.0,7259000.0
0.0,0.0,7261000.0
0.0,0.0,7263000.0
0.0,0.0,7265000.0
0.0,0.0,7267000.0
0.0,0.0,7269000.0
0.0,0.0,7271000.0
0.0,0.0,7273000.0
0.0,0.0,7275000.0
0.0,0.0,7277000.0
0.0,0.0,7279000.0
0.0,0.0,7281000.0
0.0,0.0,7283000.0
0.0,0.0,7285000.0
0.0,0.0,7287000.0
0.0,0.0,7289000.0
0.0,0.0,7291000.0
0.0,0.0,7293000.0
0.0,0.0,7295000.0
0.0,0.0,7297000.0
0.0,0.0,7299000.0
0.0,0.0,7301000.0
0.0,0.0,7303000.0
0.0,0.0,7305000.0
0.0,0.0,7307000.0
0.0,0.0,7309000.0
0.0,0.0,7311000.0
0.0,0.0,7313000.0
0.0,0.0,7315000.0
0.0,0.0,7317000.0
0.0,0.0,7319000.0
0.0,0.0,7321000.0
0.0,0.0,7323000.0
0.0,0.0,7325000.0
0.0,0.0,7327000.0
0.0,0.0,7329000.0
0.0,0.0,7331000.0
0.0,0.0,7333000.0
0.0,0.0,7335000.0
0.0,0.0,7337000.0
0.0,0.0,7339000.0
0.0,0.0,7341000.0
0.0,0.0,7343000.0
0.0,0.0,7345000.0
0.0,0.0,7347000.0
0.0,0.0,7349000.0
0.0,0.0,7351000.0
0.0,0.0,7353000.0
0.0,0.0,7355000.0
0.0,0.0,7357000.0
0.0,0.0,7359000.0
0.0,0.0,7361000.0
0.0,0.0,7363000.0
0.0,0.0,7365000.0
0.0,0.0,7367000.0
0.0,0.0,7369000.0
0.0,0.0,7371000.0
0.0,0.0,7373000.0
0.0,0.0,7375000.0
0.0,0.0,7377000.0
0.0,0.0,7379000.0
0.0,0.0,7381000.0
0.0,0.0,7383000.0
0.0,0.0,7385000.0
0.0,0.0,7387000.0
0.0,0.0,7389000.0
0.0,0.0,7391000.0
0.0,0.0,7393000.0
0.0,0.0,7395000.0
0.0,0.0,7397000.0
0.0,0.0,7399000.0
0.0,0.0,7401000.0
0.0,0.0,7403000.0
0.0,0.0,7405000.0
0.0,0.0,7407000.0
0.0,0.0,7409000.0
0.0,0.0,7411000.0
0.0,0.0,7413000.0
0.0,0.0,7415000.0
0.0,0.0,7417000.0
0.0,0.0,7419000.0
0.0,0.0,7421000.0
0.0,0.0,7423000.0
0.0,0.0,7425000.0
0.0,0.0,7427000.0
0.0,0.0,7429000.0
0.0,0.0,7431000.0
0.0,0.0,7433000.0
0.0,0.0,7435000.0
0.0,0.0,7437000.0
0.0,0.0,7439000.0
0.0,0.0,7441000.0
0.0,0.0,7443000.0
0.0,0.0,7445000.0
0.0,0.0,7447000.0
0.0,0.0,7449000.0
0.0,0.0,7451000.0
0.0,0.0,7453000.0
0.0,0.0,7455000.0
0.0,0.0,7457000.0
0.0,0.0,7459000.0
0.0,0.0,7461000.0
0.0,0.0,7463000.0
0.0,0.0,7465000.0
0.0,0.0,7467000.0
0.0,0.0,7469000.0
0.0,0.0,7471000.0
0.0,0.0,7473000.0
0.0,0.0,7475000.0
0.0,0.0,7477000.0
0.0,0.0,7479000.0
0.0,0.0,7481000.0
0.0,0.0,7483000.0
0.0,0.0,7485000.0
0.0,0.0,7487000.0
0.0,0.0,7489000.0
0.0,0.0,7491000.0
0.0,0.0,7493000.0
0.0,0.0,7495000.0
0.0,0.0,7497000.0
0.0,0.0,7499000.0
0.0,0.0,7501000.0
0.0,0.0,7503000.0
0.0,0.0,7505000.0
0.0,0.0,7507000.0
0.0,0.0,7509000.0
0.0,0.0,7511000.0
0.0,0.0,7513000.0
0.0,0.0,7515000.0
0.0,0.0,7517000.0
0.0,0.0,7519000.0
0.0,0.0,7521000.0
0.0,0.0,7523000.0
0.0,0.0,7525000.0
0.0,0.0,7527000.0
0.0,0.0,7529000.0
0.0,0.0,7531000.0
0.0,0.0,7533000.0
0.0,0.0,7535000.0
0.0,0.0,7537000.0
0.0,0.0,7539000.0
0.0,0.0,7541000.0
0.0,0.0,7543000.0
0.0,0.0,7545000.0
0.0,0.0,7547000.0
0.0,0.0,7549000.0
0.0,0.0,7551000.0
0.0,0.0,7553000.0
0.0,0.0,7555000.0
0.0,0.0,7557000.0
0.0,0.0,7559000.0
0.0,0.0,7561000.0
0.0,0.0,7563000.0
0.0,0.0,7565000.0
0.0,0.0,7567000.0
0.0,0.0,7569000.0
0.0,0.0,7571000.0
0.0,0.0,7573000.0
0.0,0.0,7575000.0
0.0,0.0,7577000.0
0.0,0.0,7579000.0
0.0,0.0,7581000.0
0.0,0.0,7583000.0
0.0,0.0,7585000.0
0.0,0.0,7587000.0
0.0,0.0,7589000.0
0.0,0.0,7591000.0
0.0,0.0,7593000.0
0.0,0.0,7595000.0
0.0,0.0,7597000.0
0.0,0.0,7599000.0
0.0,0.0,7601000.0
0.0,0.0,7603000.0
0.0,0.0,7605000.0
0.0,0.0,7607000.0
0.0,0.0,7609000.0
0.0,0.0,7611000.0
0.0,0.0,7613000.0
0.0,0.0,7615000.0
0.0,0.0,7617000.0
0.0,0.0,7619000.0
0.0,0.0,7621000.0
0.0,0.0,7623000.0
0.0,0.0,7625000.0
0.0,0.0,7627000.0
0.0,0.0,7629000.0
0.0,0.0,7631000.0
0.0,0.0,7633000.0
0.0,0.0,7635000.0
0.0,0.0,7637000.0
0.0,0.0,7639000.0
0.0,0.0,7641000.0
0.0,0.0,7643000.0
0.0,0.0,7645000.0
0.0,0.0,7647000.0
0.0,0.0,7649000.0
0.0,0.0,7651000.0
0.0,0.0,7653000.0
0.0,0.0,7655000.0
0.0,0.0,7657000.0
0.0,0.0,7659000.0
0.0,0.0,7661000.0
0.0,0.0,7663000.0
0.0,0.0,7665000.0
0.0,0.0,7667000.0
0.0,0.0,7669000.0
0.0,0.0,7671000.0
0.0,0.0,7673000.0
0.0,0.0,7675000.0
0.0,0.0,7677000.0
0.0,0.0,7679000.0
0.0,0.0,7681000.0
0.0,0.0,7683000.0
0.0,0.0,7685000.0
0.0,0.0,7687000.0
0.0,0.0,7689000.0
0.0,0.0,7691000.0
0.0,0.0,7693000.0
0.0,0.0,7695000.0
0.0,0.0,7697000.0
0.0,0.0,7699000.0
0.0,0.0,7701000.0
0.0,0.0,7703000.0
0.0,0.0,7705000.0
0.0,0.0,7707000.0
0.0,0.0,7709000.0
0.0,0.0,7711000.0
0.0,0.0,7713000.0
0.0,0.0,7715000.0
0.0,0.0,7717000.0
0.0,0.0,7719000.0
0.0,0.0,7721000.0
0.0,0.0,7723000.0
0.0,0.0,7725000.0
0.0,0.0,7727000.0
0.0,0.0,7729000.0
0.0,0.0,7731000.0
0.0,0.0,7733000.0
0.0,0.0,7735000.0
0.0,0.0,7737000.0
0.0,0.0,7739000.0
0.0,0.0,7741000.0
0.0,0.0,7743000.0
0.0,0.0,7745000.0
0.0,0.0,7747000.0
0.0,0.0,7749000.0
0.0,0.0,7751000.0
0.0,0.0,7753000.0
0.0,0.0,7755000.0
0.0,0.0,7757000.0
0.0,0.0,7759000.0
0.0,0.0,7761000.0
0.0,0.0,7763000.0
0.0,0.0,7765000.0
0.0,0.0,7767000.0
0.0,0.0,7769000.0
0.0,0.0,7771000.0
0.0,0.0,7773000.0
0.0,0.0,7775000.0
0.0,0.0,7777000.0
0.0,0.0,7779000.0
0.0,0.0,7781000.0
0.0,0.0,7783000.0
0.0,0.0,7785000.0
0.0,0.0,7787000.0
0.0,0.0,7789000.0
0.0,0.0,7791000.0
0.0,0.0,7793000.0
0.0,0.0,7795000.0
0.0,0.0,7797000.0
0.0,0.0,7799000.0
0.0,0.0,7801000.0
0.0,0.0,7803000.0
0.0,0.0,7805000.0
0.0,0.0,7807000.0
0.0,0.0,7809000.0
0.0,0.0,7811000.0
0.0,0.0,7813000.0
0.0,0.0,7815000.0
0.0,0.0,7817000.0
0.0,0.0,7819000.0
0.0,0.0,7821000.0
0.0,0.0,7823000.0
0.0,0.0,7825000.0
0.0,0.0,7827000.0
0.0,0.0,7829000.0
0.0,0.0,7831000.0
0.0,0.0,7833000.0
0.0,0.0,7835000.0
0.0,0.0,7837000.0
0.0,0.0,7839000.0
0.0,0.0,7841000.0
0.0,0.0,7843000.0
0.0,0.0,7845000.0
0.0,0.0,7847000.0
0.0,0.0,7849000.0
0.0,0.0,7851000.0
0.0,0.0,7853000.0
0.0,0.0,7855000.0
0.0,0.0,7857000.0
0.0,0.0,7859000.0
0.0,0.0,7861000.0
0.0,0.0,7863000.0
0.0,0.0,7865000.0
0.0,0.0,7867000.0
0.0,0.0,7869000.0
0.0,0.0,7871000.0
0.0,0.0,7873000.0
0.0,0.0,7875000.0
0.0,0.0,7877000.0
0.0,0.0,7879000.0
0.0,0.0,7881000.0
0.0,0.0,7883000.0
0.0,0.0,7885000.0
0.0,0.0,7887000.0
0.0,0.0,7889000.0
0.0,0.0,7891000.0
0.0,0.0,7893000.0
0.0,0.0,7895000.0
0.0,0.0,7897000.0
0.0,0.0,7899000.0
0.0,0.0,7901000.0
0.0,0.0,7903000.0
0.0,0.0,7905000.0
0.0,0.0,7907000.0
0.0,0.0,7909000.0
0.0,0.0,7911000.0
0.0,0.0,7913000.0
0.0,0.0,7915000.0
0.0,0.0,7917000.0
0.0,0.0,7919000.0
0.0,0.0,7921000.0
0.0,0.0,7923000.0
0.0,0.0,7925000.0
0.0,0.0,7927000.0
0.0,0.0,7929000.0
0.0,0.0,7931000.0
0.0,0.0,7933000.0
0.0,0.0,7935000.0
0.0,0.0,7937000.0
0.0,0.0,7939000.0
0.0,0.0,7941000.0
0.0,0.0,7943000.0
0.0,0.0,7945000.0
0.0,0.0,7947000.0
0.0,0.0,7949000.0
0.0,0.0,7951000.0
0.0,0.0,7953000.0
0.0,0.0,7955000.0
0.0,0.0,7957000.0
0.0,0.0,7959000.0
0.0,0.0,7961000.0
0.0,0.0,7963000.0
0.0,0.0,7965000.0
0.0,0.0,7967000.0
0.0,0.0,7969000.0
0.0,0.0,7971000.0
0.0,0.0,7973000.0
0.0,0.0,7975000.0
0.0,0.0,7977000.0
0.0,0.0,7979000.0
0.0,0.0,7981000.0
0.0,0.0,7983000.0
0.0,0.0,7985000.0
0.0,0.0,7987000.0
0.0,0.0,7989000.0
0.0,0.0,7991000.0
0.0,0.0,7993000.0
0.0,0.0,7995000.0
0.0,0.0,7997000.0
0.0,0.0,7999000.0
0.0,0.0,8001000.0
0.0,0.0,8003000.0
0.0,0.0,8005000.0
0.0,0.0,8007000.0
0.0,0.0,8009000.0
